URL,Category,Sub Category,Date,Time,Title,Content,View,Share,Comment_info
https://www.sinchew.com.my/content/content_2343476.html,即时国内/ 诺希山深夜怀旧·“曾经ON CALL的日子”,全国,即时,2020-09-16,07:31:13,nan,nan,nan,nan
https://www.sinchew.com.my/content/content_2343470.html,即时国内/ 慕尤丁选马来西亚日宣布“沙人民联盟”竞选宣言,全国,即时,2020-09-16,06:39:10,（亚庇16日讯）由国盟、国阵及友好政党组成的“沙巴人民联盟”（Gabungan Rakyat Sabah），选择在马来西亚日公布他们的竞选宣言。 根据首相丹斯里慕尤丁的行程，他将在下午2时推介沙人民联盟的竞选宣言。 国盟如今是联邦政府，预料将会为沙巴人民带来“好消息”。 沙人民联盟竞选宣言推介礼，将在沙巴亚庇的Sutera Magellan酒店举行。 ,nan,nan,nan
https://www.sinchew.com.my/content/content_2343464.html,即时国内/ 依海中铁支付TRX City 12.4亿· 大马城计划启动,全国,即时,2020-09-15,23:48:18,（吉隆坡15日讯）依海中铁（IWH-CREC Sdn. Bhd. 简称ICSB）公司今晚正式支付财政部独资公司─敦拉萨国贸中心城市（TRX City）12亿4000万令吉，象征著ICSB公司履行对大马政府的初始合约责任，落实大马城计划。 仪式上，依海控股（IWH）执行副主席丹斯里林刚河及中铁马来西亚主席陈之功，移交模拟支票给TRX City公司，由财政部秘书拿督阿斯里代领；财长东姑赛夫鲁、交通部长拿督斯里魏家祥、中国驻马来西亚大使白天及柔佛州大臣拿督哈斯尼等人见证。 在调整后股权销售协议和股东协议中，ICSB公司支付12亿4000万令吉给TRX City公司，其中包括10%订金和5亿令吉预付款。 赛夫鲁:投资者信心认可 东姑赛夫鲁致词时说，今日的支票移交仪式，尤其是矢言发展大马城计划的承诺，对投资者信心而言是一种认可，因为在经济充满挑战和逆风吹袭下，投资者依然相信我国依旧能够克服当前不利因素，为企业与投资荣景，提供更利好环境。 他说：“我们正在打造一项位于东盟区城内巨大与综合型的智慧新城市，以大马城约1400亿令吉的发展价值，也是我国其中重大发展项目之一。” 他表示，计划若执行得当，此计划对国家经济将带来倍增的效益，这符合了政府要为人民创造更繁荣发展的目标。 “今天活动象征让人期待已久大马城计划，能获得持续的支持及履行其承诺。” 他说，大马城计划不但能释放各领域的巨大经济潜能，还能利惠所有的经济项目；因此不止能刺激商业活动，也能协助吉隆坡面貌的转型，以提升成为具有高影响力、可吸引国际专才的全球商业新枢纽。 白天:大马城计划重要里程碑 白天说，今晚支票移交仪式，对大马城计划正标志著一项重要里程碑，也意味大马城项目的正式开始启航。 他表示，大马城是在马的中国投资者，所投资其中一项大型计划之一，蕴涵著各界投资者，包括中方和马方投资者的重大期望。 “我相信在各方全力支持下，大马城计划将成为吉隆坡市中心新地标、投资新枢纽及中国与大马经济与贸易的新平台。” 他出，在获得中国和大马政府的支持下，此计划所面对种种挑战都获得克服。 他说，虽然大马城计划于2019年12月，ICSB依海中建与大马城有限公司签署了相关协议，可是后来遇上前所未有的冠病疫情的影响，然而，在中国铁路工程集团有限公司和依海控股共同努力下使大马城计划顺利的走下去，包括解决了融资、规划、开发等事项。 另外，陈之功说，大马城计划不只展现马中两国稳固、长远双边关系，也为两国带来经济效益。   ICSB获大马城60%股权   根据协议，ICSB公司从TRX City手中获得大马城项目主要发展商─大马城私人有限公司的60%股权，其余40%由TRX City拥有。ICSB公司，是由依海控股（IWH）与中国铁路工程集团有限公司（CREC，简称中铁）联合持有。 柔州政府是通过柔佛人民基建集团（KPRJ）在IWH持有37%股份。 根据发给媒体文告指出，大马城将汇集捷运二线（MRT 2）和三线（MRT 3）、国际机场直透快铁（ERL）、电动火车（KTM）；捷运二线位于大马城两个站，预计于2021年完工。 ,nan,nan,nan
https://www.sinchew.com.my/content/content_2343440.html,即时国内/ 反贪会：非30或50人·仅传召18榴梿农民录供,全国,即时,2020-09-15,22:06:11,（布城15日讯）针对劳勿榴梿农民非法入侵州政府土地课题，反贪会证实传召18位农民录取口供，以协助调查，但没有传召如某方所指控的30或50人。 另12人与案件无关 反贪会发文告指出，另有12人也一同出席，但他们皆与相关案件毫无关系。 “我们要解释的是，反贪会主席拿督斯里阿占峇基针对这课题所作出的否认，是指被传召到反贪会协助调查的农民人数。” 文告强调，反贪会是依据法律展开调查，而且是在自由、没有受到任何方面的压力下，向相关农民针对非法入侵州政府土地一事录取口供。 “截至目前，反贪会没有展开任何逮捕行动，并会不时的继续传召相关人士来协助调查。” 反贪会也劝请所有涉及这案件的人士，不要针对这课题进行揣测，给他们空间展开调查。 ,nan,nan,nan
https://www.sinchew.com.my/content/content_2343439.html,即时国内/ 交长与新驻马专员会晤· 商恢复马新人民往返通勤,全国,即时,2020-09-15,22:53:31,  （布城15日讯）交通部长拿督斯里魏家祥与新加坡驻马最高专员梅农会面，讨论如何在疫情中，尽快恢复马新两国人民往返通勤的课题。 他也透露，卫生部将与其他绿区国家，在来往两国的标准作业程序（SOP）方面达成协议。 “我们的卫生部将会尽快对话，解决对SOP的协议并向前迈进；很快的，我们希望宣布与新加坡及其他双边伙伴的空中交通泡泡。” 魏家祥在脸书上载他与梅农的合照，分享两人所讨论的课题及内容。 “在严格的SOP下，两国关系密切的商业社区也急需尽快来回通勤。” 他说，梅农与他也向彼此分享了隆新高铁2.0计划的最新进展，12月31日是马新签署双边协议的截止日期。 “成功于7月30日签署新山—兀兰捷运协议展现了共同的承诺。” ,nan,nan,nan
https://www.sinchew.com.my/content/content_2343423.html,都市动态/ 住家范围内朝路人“露宝”·女邻居报警捉变态男,全国,即时,2020-09-15,21:29:13,（八打灵再也15日讯）男子在住家范围内朝路过的女邻居“露宝”，结果遭警方上门逮捕。 这起变态男“露宝”案是于昨日早上10时30分，在双威镇PJS 10区的拿督河马花园（Taman Dato Hormat）发生。 八打灵再也警区主任聂依查尼助理总监指出，警方于昨早接获1名47岁本地女子的投报指有变态男子向她“露宝”后，于昨晚8时30分在上述地点突击一间住家单位，逮捕1名33岁本地男子助查案件。 他说，落网的男子是报案者的邻居，是一名建筑物技术员，警方目前援引刑事法典第377D（有伤风化）条文调查此案。 在这项罪名下被控嫌犯一旦罪成，可判最高2年监禁。 ,nan,nan,nan
https://www.sinchew.com.my/content/content_2343415.html,即时国内/ 失踪陈惜妍找到了！原来躲在家里床底,全国,即时,2020-09-15,21:10:52, （八打灵再也15日讯）一名12岁女童疑因为不想上学，而在今早6时“失踪”，原来她是一直躲在床底下，长达14小时后才被家人发现。 行动党莲花苑州议员黎潍裮向星洲日报证实证实，这名女童陈惜妍已被寻获，她在“失踪”期间一直躲在床底下，直到晚上8时30分才被舅舅发现。 “由于已经超过12小时躲在床底下没吃没喝，因此家属先让她吃喝及安抚情绪，目前在家中休息。” 他指出，女童母亲今晚已前往警局暂时销案，明日还要带女童前往警局正式销案。 他也不忘感谢公众人士热心帮忙寻人，感受到社区的凝聚力。 家人于今早6时发现女童失踪，她的母亲拨打女孩手机但无人接听，怀疑她带着手机和游戏机离家下落未明，而向警方投报寻求协助。 母亲和家人苦寻不果，开脸书直播向民众求助，希望用民众力量寻回女儿。 陈惜妍的母亲黄女士较早前告诉星洲日报，女儿近期用尽各种办法不想上学，因此她怀疑女儿因不想上学而离家出走。 她说，女儿在早上6时起床后，在没叫父亲起身载送上学，怀疑她自己开门出去；她后来发现发现女儿没换上校服，可能光着脚丫没穿鞋子出门，且家里的备用锁匙已不见，因此也担心女儿被人拐带上车。 她说，由于家里的闭路电视出现故障，因此不晓得女儿如何“失踪”。 ,nan,nan,nan
https://www.sinchew.com.my/content/content_2343406.html,即时国内/ 慕尤丁：确诊偏高地方·政府将落实加强行管令,全国,即时,2020-09-15,20:36:53, （布城15日讯）首相丹斯里慕尤丁表示，政府将毫不犹豫地在冠病确诊病例偏高的地方，落实加强式行动管制令（PKPD）。 因此，慕尤丁忠告大马人一定要持续保持警惕，齐心应对冠病疫情。 “不要鬆懈，关于隔离、戴口罩，还有遵守标准作业程序（SOP）的规定仍然生效。” 他今晚8时通过电视直播，针对我国的冠病疫情最新情况发表谈话。 上週，政府宣布在吉打哥打士打县及沙巴斗湖监狱，落实行政式加强行动管制令（PKPDP）。 ,nan,nan,nan
https://www.sinchew.com.my/content/content_2343396.html,即时国内/ 【全国直播】首相：若病例再激增· 将被迫再施行管令,全国,即时,2020-09-15,20:25:01, （布城15日讯）首相丹斯里慕尤丁坦言，过去14天增加高达615宗冠病确诊病例，令他感到担忧。 “虽然国家截至目前已经成功良好地应对冠病疫情，我感到担忧，因为最近的冠病确诊病例显著增加，过去14天以内就有615起新病例。” 他说，我国目前的冠病疫情显示，大马仍还未切断病毒传播链。 “大马也不例外，大马的冠病病例依然活跃，每日病例周旋在个位数及双位数，有时候三位数，还不曾达到零病例。” “这显示大马的冠病病毒传染链还未完全切断。” 慕尤丁今晚8时通过电视直播，针对我国的冠病疫情最新情况发表谈话。 慕尤丁表示，我国目前有3个县被卫生部列为红区，分别为吉打哥打士打、沙巴斗湖及拿笃。 这场直播也是慕尤丁任相以来，第20次的电视直播。他曾在8月28日的第19场电视直播上，宣布将复原期行管令延长至12月31日，并在8月30日的第20场电视直播上，强调国盟政府就是关怀人民的政府，并指将在2021年财政预算案里反映政府关怀人民的治国理念。 慕尤丁过去都是以电视直播方式，向国民宣布政府的重要决策，从3月15日宣布大马在18日起落实行动管制令以来，他都是以电视直播方式，宣布不同阶段的行管令，包括数度延长、进入有条件行管令、及目前的复原期行官令。 各阶段的行管令是为了防止冠状病毒病扩散政策。 在卫生总监丹斯里诺希山表示，大马的冠病基本传染数（Ro / Rt） 有所上升，疫情已经敲响警钟后，公众对可能再次封城的举措感到担心与关注。 在行管令期间，公众被禁止出国旅行，也禁止外国人入境大马旅行。慕尤丁曾在6月26日建议东盟各国政府须落实有凝聚力的计划，以加速落实“绿色”疫情东盟成员国之间的“泡泡旅行”措施。 “绿色泡沫”（Green Bubble）是诺希山在复原管制令期提出的一项概念，即与记录良好和绿区国家开放边境相互来往。 ,nan,nan,nan
https://www.sinchew.com.my/content/content_2343400.html,即时国内/ 近14天增615确诊· 首相担忧我国疫情,全国,即时,2020-09-15,20:12:51,   （布城15日讯）首相丹斯里慕尤丁坦言，过去14天增加高达615宗冠病确诊病例，令他感到担忧。 他说，我国目前的冠病疫情显示，大马仍还未切断病毒传播链。 他今晚8时通过电视直播，针对我国的冠病疫情最新情况发表谈话。 这也是慕尤丁多次针对冠病疫情做电视直播，他曾在8月28日的第19场电视直播上，宣布将复原期行管令延长至12月31日，并在8月30日的第20场电视直播上，强调国盟政府就是关怀人民的政府，并指将在2021年财政预算案里反映政府关怀人民的治国理念。 慕尤丁过去都是以电视直播方式，向国民宣布政府的重要决策，从3月15日宣布大马在18日起落实行动管制令以来，他都是以电视直播方式，宣布不同阶段的行管令，包括数度延长、进入有条件行管令、及目前的复原期行官令。 各阶段的行管令是为了防止冠状病毒病扩散政策。 在卫生总监丹斯里诺希山表示，大马的冠病基本传染数（Ro / Rt） 有所上升，疫情已经敲响警钟后，公众对可能再次封城的举措感到担心与关注。 在行管令期间，公众被禁止出国旅行，也禁止外国人入境大马旅行。慕尤丁曾在6月26日建议东盟各国政府须落实有凝聚力的计划，以加速落实“绿色”疫情东盟成员国之间的“泡泡旅行”措施。 “绿色泡沫”（Green Bubble）是诺希山在复原管制令期提出的一项概念，即与记录良好和绿区国家开放边境相互来往。  ,nan,nan,nan
https://www.sinchew.com.my/content/content_2343382.html,即时国内/ 买个资注册手机号行骗·助诈骗集团避追查 9人落网,全国,即时,2020-09-15,19:54:45,（吉隆坡15日讯）武吉阿曼警方捣破一个滥用数码产品多卡宝（Simbox），助纣为虐协助诈骗集团规避警方追查的不法集团，先后逮捕9名男女，起获大批盗买的本地和外国人个人资料，以及包括多卡宝在内等数码设备。 用多卡宝架构便捷通话短讯服务 全国警察商业罪案调查部总监拿督再努丁指出，这个不法集团从一些非法渠道购买外国人及本地人的个人资料后，大量的注册手机预付卡，然后通过多卡多待设备——多卡宝架构便捷的手机通话及短讯服务，再将号码以每组15至17令吉转卖给诈骗集团使用。 他说，通过这种方式，诈骗集团分子在进行网购骗局、贷款骗局、爱情骗局时，将不需要担心警方追踪到他们身上，因为即便警方循线追踪，也只会追查到被盗用资料的用户。 国外拨电也显示本地手机号 他补充，通过这种方法，拨电者就算是在国外，接电话者的来电显示也会是本地的手机号码。 他今日在新闻发布会上指出，警方是接获一宗贷款骗局投报后，依循线索调查而破获此不法集团。 他指出，警方于本月11日至前天，先后在森州和巴生河流域地区逮捕包括首脑（56岁）在内的9名男女（年龄介于25至57岁），分别是3名华裔男子、3名华裔女子、2名孟加拉籍男子和一名印尼籍女子。 他说，警方起获大批工具，包括28台多卡宝、6台电脑、2台路由器、一台数据机、一台电脑主机、3万6500张手机晶片、17台手机及1万4997令吉现款等。 改装多卡宝可插32张晶片 据观察，有别于网络上常见的多卡宝一般只支持数张晶片，但是警方所起获的多卡宝相信都已经过改装，可插的晶片达32张。 “警方在嫌犯的电脑主机内，发现近万个外籍人士的护照副本及313个本地人的大马卡副本，相信不法集团就是利用这些购买的资料大量注册手机预付卡。” 预付卡晶片没使用 再转卖 再努丁说，当手机号码不再被诈骗集团使用时，不法集团会把预付卡晶片再卖到市场，再赚一笔！ 他说，警方查悉此不法集团活跃近一年，随着嫌犯落网及延扣，警方极力追查此不法集团的联络网。 警方目前援引刑事法典420（欺骗）条文、电脑罪案法令5条文、通讯及多媒体法令126及127条文，以及1959年防范罪案法令展开调查。 骗案投报逼近去年全年 另一方面，由于国内各种诈骗案有上升的趋势，再努丁呼吁民众务必提高警惕，避免成为诈骗案受害者。 他说，根据数据统计，警方去年共接获1万2549宗诈骗案投报，涉及损失额为2亿7716万1342令吉，但今年至本月13日为止，已有1万1432宗投报，涉及金额达2亿5942万3131令吉。 “今年至今的投报宗数已逼近去年全年，尤其网购骗局更是已超越去年，从3513宗增至4357宗。” 此外，他说，贷款骗局也是节节上升，迄今共有4104宗投报，相较于1787宗电话诈骗案和1184宗爱情骗案排位第二。  ,nan,nan,nan
https://www.sinchew.com.my/content/content_2343333.html,即时国内/ 特殊理由申请出国·移民局须费时两周处理,全国,即时,2020-09-15,18:58:20,（布城15日讯）移民局总监拿督凯鲁说，凡是因特殊理由申请出国者，是以电邮方式向移民局提出申请，而该局一般需要约两周的时间来处理。 询及一些申请两个月都未获处理的案例，他解释说，这是因为当局接获的申请非常多，单是今日便有5500项电邮申请。 “我们正改善批准程序。” 他也透露，基于隔离费已由国民自行承担，当局也撤除了一项附加在出国声明中的“不鼓励轻易回国”的条款。 他指出，在这之前，国民出国前都会签署一份出国声明，核实他们已出国，包括同意上述条款。 凯鲁丁今日在移民局捣毁一个伪制移民局盖章集团的新闻发布会后，受询及国民在行管令期间出入境的新指南引发混淆的问题时，这样表示。 他指出，即使是复原期行管令期间，大马的边界仍封锁，不允许外国人入境和禁止公民出国，只是一些案例获得豁免。 他举例，那些出国探访生病亲友者，出国经商者，都必须要提呈申请和证明，当局才会处理。 ,nan,nan,nan
https://www.sinchew.com.my/content/content_2343417.html,封面头条/ 14天增615宗 慕尤丁忧心·若确诊飙升 重施行管,全国,封面头条,2020-09-15,21:46:37,  （布城15日讯）首相丹斯里慕尤丁提醒国人，如果冠病确诊病例再大幅度增加，政府将被迫重新实施行动管制令（PKP）。 “对我们的生活和国家经历来说，后果肯定是糟糕的。我们不可以去任何地方，只能待在家，就如现在在吉打哥打士打正在实行的（针对性加强行管令）那样。” 慕尤丁今晚8时通过电视直播，针对我国的冠病疫情最新情况发表谈话时坦言，过去14天增加高达615宗冠病确诊病例，令他感到担忧。 病毒传播链仍未断 “虽然我国截至目前已经成功良好地应对冠病疫情，我感到担忧，因为最近的冠病确诊病例显著增加，过去14天就有615起新病例。” 他说，我国目前的冠病疫情显示，大马仍还未切断病毒传播链。 “大马也不例外，大马的冠病病例依然活跃，每日病例徘徊在个位数及双位数，有时候三位数，还不曾达到零病例。” 首相指出，病例大幅度增加也导致国内3个县——吉打哥打士打、沙巴斗湖及拿笃个别累计超过41宗病例，被卫生部列为红区。 “与此同时，自4月3日至9月15日，来自国外的确诊病例达到1017人。” 冠病病毒依然活跃 慕尤丁表示，截至目前，全球研究人员的研究结果及病例趋势看来，冠病病毒依然活跃，疫情预料还会持续更长的一段时间。 “这考量到有效的冠病传播控制及预防，需要针对性的治疗及有效也安全的疫苗可被使用。在这样的情况下，任何人都可能被暴露在冠病病毒感染的风险之中。”  病例偏高区加强行管 慕尤丁表示，政府将毫不犹豫地在冠病确诊病例偏高的地方，落实加强式行动管制令（PKPD）。 因此，他忠告国人一定要持续保持警惕，齐心应对冠病疫情。 “不要松懈，关于隔离、戴口罩，还有遵守标准作业程序（SOP）的规定仍然生效。” 上周，政府宣布在吉打哥打士打县及沙巴斗湖监狱，落实行政式加强行动管制令（PKPDP）。 继续加强边界管制 慕尤丁指出，政府不会仓促开放边界，而是会继续加强边界管制，包括加强防堵非法外劳进入。 他说，我国的边界依然加强管制，遏止一些可能传染冠病的人士进入，除了经商、投资及教育之外，但是依然必须遵守严格的条件。 他表示，一些国家的病例还是居高不下，丝毫没有纾缓的迹象，有些国家面临新一波疫情再爆发的情况，如果我国对全球的疫情掉以轻心，类似的情况也可能在我国出现。 他说，虽然边界管制导致有需要出国的人民面对麻烦，但是我国必须采取严厉的行动，保护人民和国家，免受病毒危害生命。 “我们必须在保护人民以及人民的生计之间作出平衡。” 提醒沙巴人民更自律 慕尤丁特别提醒沙巴的人民提高警觉，在沙巴新增的冠病病例非常显著，尤其是拿笃和斗湖。 他说，适逢在沙巴州选期间，该州人民必须更加自律，州选的工作人员必须确保各种拉票活动也要遵守标准作业程序（SOP），避免在狭窄和封闭的空间群聚，拉票也不要握手。 人民须续实践新常态 首相希望所有人都可以继续坚持及有纪律的应对冠病疫情。“提醒自己，继续在生活中实践新常态。” 他强调，除了政府采取的行动，实践新常态也是我国努力切断冠病病毒传播链非常重要的因素。 “因此，小心点，保护自己，保护你的家人，保护你周围的人。” 戴口罩成习惯别不好意思  慕尤丁说，戴口罩已经成为一种习惯，请别感到尴尬或者不好意思戴口罩。 “我们必须扮演前线人员的角色，在生活中养成各种新常态的习惯。” 他说，请别掉以轻心，继续遵守SOP，以便我国可以继续阻止病毒扩散。请经常洗手，不要互相碰触，在公共场所或密闭空间，必须戴口罩。 慕尤丁也促请有症状的人士，例如发烧、咳嗽或呼吸困难，请立刻求医。 他强调，在有效的疗法和疫苗还未出炉前，保持新常态的生活是一个非常重要的措施。 “我希望大家适应这种新常态，我国还在对抗病毒的战争之中，遵守SOP非常重要。” 他说，政府的目的不只是压平曲线，而是要长期地控制疫情。 首相慕尤丁汇报大马截至9月15日的冠病疫情最新进展： ⬤ 累计9969名确诊病例 ⬤ 9209人已经康复出院，大马的康复率达到92.4% ⬤ 死亡病例达128宗，死亡率为1.28% ⬤ 已为139万5578人进行冠病检测，大马的检测率为每1000人之中就有41.8人进行检测 ⬤ 全国共有108个感染群，其中97个已经宣告结束，11个还活跃 ⬤ 目前为止，最大的感染群为7月8日结束的大城堡伊斯兰传教大集会感染群，确诊病例为3375人，共有4万2023人进行检测      ,nan,nan,nan
https://www.sinchew.com.my/content/content_2343325.html,暖势力/ 误食毒蘑菇肾衰竭·425人接力捐血救男童,全国,暖势力,2020-09-15,21:59:28, （济南15日综合电）中国媒体近日报道一名误食毒蘑菇的7岁男孩出现了肾脏衰竭的情况，需要大量的AB血型救助后，许多爱心人士纷纷献血帮助这名男孩。在不到2天时间，就有425人捐献AB型全血15.2万毫升，而地方当局也授予献血群体425名爱心市民“济南好人”荣誉称号。 8月29日，淄博一名7岁男孩因误食毒蘑菇病情严重，紧急转到山东第一医科大学附属省立医院进行救治，救治中急需大量AB型血液和血制品。因AB型血浆库存严重不足，在血库告急的情况下，9月6日，山东省血液中心发出公告，呼吁爱心市民积极献血以挽救孩子的生命。消息发出后，众多爱心人士连夜赶到山东省血液中心献血。 男童不幸离世 不过令人遗憾的是，男孩9月11日不幸离世，但家属仍向热心人士表达了感谢。 9月13日，济南市文明委员会发布通告，将授予献血群体425名爱心市民“济南好人”荣誉称号。  ,nan,nan,nan
https://www.sinchew.com.my/content/content_2343324.html,暖势力/ 脊椎断了11年无法行走·青年不离不弃 顾94岁奶奶,全国,暖势力,2020-09-15,21:58:17, （八打灵再也15日讯）“感谢你们为我奶奶祈祷，她如今状况良好，愿你们的心意将获得好的回报。” 29岁巫裔青年阿都拉曼抱起奶奶的照片日前被名为“Dakwah Tabligh”的脸书帐号上传到脸书，讲述着他抱着奶奶去看病的故事，有关贴文还被分享了高达6000次和获得1万8000个用户按赞。 抱奶奶看病是旧照 身为柔佛甘拔士PKPP农场主管的阿都拉曼，在接受《大都会日报》访问时说，他抱起94岁奶奶再顿奥斯曼的照片，其实是于2014年拍摄的，当时他带着奶奶前往槟城诊所进行骨骼检查。   “我是发现照片被上传到脸书上，还被这么多人分享”，并澄清指贴文中部分的讯息是不正确的，照片是于2014年拍摄的。 他说，奶奶是在被她女婿抱起时，发生了失误而导致脊椎断了。 与姐一起照顾奶奶 他指出，自己与33岁的姐姐玛丽亚姆一直都在照顾奶奶，而如今奶奶依然健康，还可以自己洗澡和排便。 他透露，“只有在她发烧或身体不适时，我们才会完全照顾她，而由于过去11年她都无法行走，所以我们必须为她准备三餐和饮料。”   他说，奶奶从他小时候就一直照顾着他和姐姐，而直到现在他们仨都从未分离过，并坦言自己从来都没有觉得照顾奶奶是一种负担。 “我之前还不得不拒绝来自国外的工作邀请，因为我必须留在奶奶身边照顾她。   “我还把需要照顾奶奶的事情告诉公司，而公司也体谅我，把我安排在住家附近的地方工作，方便我照顾奶奶。” 身为4个孩子父亲的阿都拉曼，也驳斥那些在脸书上指责他家庭贫穷的网民留言。 他表示，“我不是在说我很有钱，但却很庆幸在生活艰难的情况下，仍有能力应对一切。” 生活能应付婉拒捐款 “在照片上传至脸书后，有很多网民纷纷讯息表示想帮助（捐款）我，但我全都拒绝了，因为我认为世界上还有更多更需要帮助的人。” 他强调，实际上有关照片不是他本人上传至脸书的，希望民众不要误解他们一家。 另外，他也分享，奶奶如今一共有7个孩子，20个孙子和60个曾孙，还指斋戒月和开斋节期间是他们一家最忙碌且最热闹的时候，期间部分家庭成员还必须在家里庭院搭帐篷睡觉。 他还说，今年由于行管令禁止人民跨州，我们一家人每年所期待的开斋节聚会也变得了非常冷清。  ,nan,nan,nan
https://www.sinchew.com.my/content/content_2343356.html,全国综合/ 500令吉预订宝腾X50·4型号6种颜色供选择,全国,全国综合,2020-09-16,07:00:00,报道：蔡金璇 摄影：陆欣莹 （丹绒马林15日讯）宝腾（Proton）宣布，从明天起，公众可预订宝腾最新休旅车X50，订金500令吉，但售价要等到10月举行的推介仪式才公布。 10月推介礼公布售价 宝腾首席执行员李春荣今日在新闻发布会指出，X50是在宝腾耗资12亿令吉的新厂房生产制造。 这款宝腾最新的休旅车有标准级（Standard）、执行员级（Executive）、高级（Premium）和旗舰级（TGDi Flagship）4种型号，颜色方面有黑、白、银、橘、红、蓝6种。 标准型号X50标配17寸轮谷轮胎、LED头灯、布制座椅、4个安全气囊、8寸屏幕、倒车摄像机、后座冷气口及四安全气囊；进阶款则有皮革座椅和皮革方向盘，并多了自动头灯和雾灯，其他和标准款相差不大。 高级型号的轮谷就改为18寸，并有胎压监控系统，此外车内还多了电动座椅，中控台的屏幕为10寸，并可显示周围360度的画面。 最高档的旗舰款采用双色调车身，有全景天窗和升级的司机辅助系统，也就是能通过手机检查车子的状况，甚至能遥控发动引擎。 采用和吉利（Geely）及富豪（Volvo）相同的BMA架构，宝腾X50有两种引擎配置，前三款的动力系统是1.5公升涡轮增压引擎，旗舰型号则是输出功率更强的1.5公升TDi引擎，两款引擎皆搭配7前速双离合器自排变速箱。 举办新车标语投选竞赛 宝腾估计X50将创造18亿令吉的交易额，加上X70高达10亿令吉的零配件购买额，每年为汽车供应商贡献高达28亿令吉的营业额。 此外，宝腾也将举办新车标语投选竞赛，公开给所有大马人民参与，详情可浏览宝腾官方网页。 宝腾今天邀请我国媒体到丹绒马林的宝腾装配厂，率先观看X50。 ,nan,nan,nan
https://www.sinchew.com.my/content/content_2343412.html,全国综合/ 老妇昏倒送院确诊感染8家属·沙新增岛屿感染群,全国,全国综合,2020-09-15,21:24:36, （布城15日讯）卫生总监丹斯里诺希山说，今日新增的岛屿感染群（Kluster Pulau）是在沙巴古纳出现，零号病例是第9940病例，她是一名68岁的大马女性，在家里被发现昏倒后送往古纳医院，过后转送往斗湖医院。 “她本来是送院接受心脏病、中风和肝病的治疗，接受检测后于9月13日确诊，目前在加护病房，需要呼吸辅助器。” 他在新闻发布会上说，在追踪其他密切接触者后发现还有8人确诊，他们都是零号病患的家人。 他说，这8人中有2男6女，最年长的为56岁女性，最年幼的是3岁女童，还有一名12岁男童和一名10岁女童。 128人检测等报告 “其他的包括一名26岁男性、以及分别为40岁、35岁和17岁的女性。” “目前这个感染群共有128人进行检测，包括109名公民和19名非公民。除了确诊者，18人呈阴性、101人还在等候结果。” 新增23确诊 6出院 诺希山说，截至中午12时，我国新增23宗冠病确诊病例，累计9969宗。 他在新闻发布会上说，今日有6人康复出院，累计9209人痊愈，占确诊病例总数92.4%。 “目前有14人在加护病房（ICU），4人需要呼吸辅助器。” 他说，今日无人死亡，维持128宗死亡病例（1.28%）。 “至今仍有632宗病例是可以传染他人的活跃病例。” 13本土病例都在沙巴 诺希山说，在今日新增的23宗病例中，10宗为境外输入病例，5宗为大马人，5宗为非公民；13宗为本土感染病例，10宗为大马人，3宗为非公民。 他说，所有本土感染的病例都在沙巴，其中8宗是来自新的感染群“岛屿感染群”。 “拿笃城墙感染群新增4宗，其中3人为非公民。” 他说，还有1宗是在仙本那医院转诊至斗湖医院检测后确诊。 他指出，至于境外输入的10宗则是有4人从菲律宾入境我国，其中3人抵达吉隆坡、1人抵达雪州。 “1人从匈牙利抵达吉隆坡、1人从土耳其抵达吉隆坡；另外4人抵达雪州的分别是从卡达尔、孟加拉、尼日利亚和马格里比入境。” 城墙感染群增4病例 诺希山说，拿笃城墙感染群今日新增4宗确诊病例，累计424宗。 “总共有6610人检测，其中拿笃1531人进行检测，累计93人确诊（包括今日的4宗），1127人呈阴性，311人还在等待报告；斗湖共筛查5079人，累计331宗确诊，2352人阴性，2396人等待检验报告。” 他指出，在1096名囚犯中，395人确诊；1147人是拿笃警区和斗湖监狱的员工，10人确诊。 “1251人是员工和囚犯的家人，9人确诊；977人是其他政府机构官员，无人确诊；2139人是社交活动接触者，10人确诊。” 他说，在目前424宗确诊病例中，有186人是大马公民，238人是来自菲律宾（154宗）和印尼（84宗）的非公民。 吉没新病例 哥打士打1.5万人检测  诺希山说，虽然吉打今日没有新增病例，但是哥打士打（Kota Setar）有10个高风险地区大约有1万5000人会接受检测。 他说，双溪大年阿曼再也的美罗（Melur）区会延长加强管制令至9月27日。 他指出，由于之前双溪和德拉加感染群病例增加，因此落实加强行动管制令（PKPD）至9月25日的哥打士打（Kota Setar）有10个高风险地区的1万5000人会接受检测。 他说，10个高风险地区包括滂滂（Pumpong）、亚罗美拉、亚罗马来 、德卡（Derga）、吉打港口、万家均乐（Pengkalan Kundor）、哥打士打、笼呀（Langgar）、知知牙也（Titi gajah）和默贡（ Mergong）。 他说，目前检测了1万2885人，1万1757人阴性、还有1128人还在等待检验报告。 他指出，至于双溪大年阿曼再也（Amanjaya）的3个地区也是实行加强行动管制令，1万3591人检测了，当中1万3526人为公民及65人为非公民。 “当中累计16名确诊者为公民，包括美罗区第二次检测的13人。” 1.58冠病传染数“不安全” 诺希山说，我国的冠病基本传染数（Ro/Rt）目前为1.58，仍超过1.0安全级别。 他指出，沙巴在9月8日的数据十分高，达3.72，比吉打的2.63高。 “经过积极的公共卫生行动，沙巴在9月13日的基本传染数为1.70，跟吉打的1.58相近。 “尽管如此，两州的传染数仍超过1.0，给全国的冠病基本传染数带来影响。” 他说，公共卫生行动必须持续，以减少传染数低于1.0，同时降低社区的冠病传染。 各州/直辖区冠病新增案例（截至9月15日中午12时） 州属 新增病例 累计病例 玻璃市 0 33 吉打 0 304 槟城 0 138 霹雳 0 269 雪兰莪 5（5） 2199 森美兰 0 1043 马六甲 0 262 柔佛 0 752 彭亨 0 371 登嘉楼 0 114 吉兰丹 0 160 沙巴 13 877 砂拉越 0 700 吉隆坡 5（5） 2625 布城 0 99 纳闽 0 23 总数 23（10） 9969 备注：（）内为境外输入病例  ,nan,nan,nan
https://www.sinchew.com.my/content/content_2343408.html,全国综合/ 推介2021至2025年发展篮图策略·北部经济走廊可达3千亿,全国,全国综合,2020-09-15,21:21:17,（红土坎15日讯）北部经济发展走廊执行机构（NCIA）预计，通过推介2021至2025年的新发展篮图策略，北部经济发展走廊经济特区（NCER）发展将可达到3000亿令吉。 通过这个新的发展策略，北部经济发展走廊特区预计能制造16万个新的就业机会、超过4万2000个企业人士，以及累积投资增长将可达到1465亿令吉。但在受到冠病疫情况影响下，目标或将延迟2年达致。 疫情影响或迟2年达致 NCIA首席执行员拿督斯里依萨约翰今天在邦咯岛出席由首相丹斯里慕尤丁主持的会议后，接受马新社时表示，原本预计国内生产总值可于2025年达到3000亿令吉目标，但现在目标推迟了2年。 他说，至今年7月，北部经济发展走廊执行机构已让北部经济发展走廊特区的累积投资达到1159亿令吉，以及创造了超过14万个就业机会。 他表示，特区概括北部4个州属，组成并计划通过私人投资及政府的基建发展计划，制造新的就业机会。 “我们的投资价值估计将会是每年至少100亿令吉，估计可制造至少5000个就业机会，它不会只提供新的就业机会，也将可以重新录用工人和提供人才提升计划。” 此外，为了进一步推动北部经济发展走廊特区的经济复苏，该机构将推动基础设施项目，例如连接双溪大年、峇都交湾和章吉遮令，全长约140公里的北部走廊高速公路，并提供与西海岸的高速公路连接。 针对于霹雳州，北部经济发展走廊执行机构将率先在怡保开发银谷技术园和怡保遗产旅游项目，并为曼绒的红土坎深水码头进行扩建，以及丹绒马林汽车枢纽的发展提供便利。 ,nan,nan,nan
https://www.sinchew.com.my/content/content_2343399.html,全国综合/ 黄日昇：中长期策略刺激需求·提高国内使用 稳定胶价,全国,全国综合,2020-09-15,21:20:12,（新山15日讯）原产业部副部长拿督斯里黄日昇指出，今年初爆发的冠病疫情，已对国际橡胶价格带来影响，需求也受到冲击。 他说，尤其是作为世界橡胶主要输入国的中国减少入口，导致橡胶价格不稳。 他今日发表文告指出，为稳定橡胶价格，政府已采取中长期多项步骤稳定胶价，包括提高国内橡胶使用，如鼓励以橡胶副产品替代沥青铺设道路，开发其他具商业价值的橡胶新产品，比如手套等。 与泰印联手巩固胶价 他指出，其次是与橡胶主要生产国，即泰国与印尼在国际三方橡胶理事会（ITRC）框架下巩固及稳定国际胶价。马印泰三国所生产的橡胶占世界橡胶产量的63.3%，在稳定国际胶价上更具主导力。 他说，原产部也推介“社区胶园”计划，在提升橡胶原产品的产量之余，也鼓励小园主通过其他经济作物，或养禽业增加收入。 “政府也推介‘东区橡胶走廊’，集中获取乳胶的供应，以扶持乳胶产品制造业的发展。” 黄日昇表示，政府鼓励国内轮胎业开放更多的投资机会，扩大橡胶产品制造业的发展，因为拥有3000亿令吉世界市场价值的轮胎业非常具有竞争力。 ,nan,nan,nan
https://www.sinchew.com.my/content/content_2343398.html,全国综合/ 防长：至少1年后才可返马·不允滥用求学工作名义,全国,全国综合,2020-09-15,21:19:19, （吉隆坡15日讯）国防部高级部长拿督斯里依斯迈沙比利强调，政府不允许国人以“求学和工作”的名义短暂出国。 他说，因为政府给予的出国批准不是为了让人们“度假”。 “如果是要求学或拥有外国工作准证的话，无需向移民局申请，只要在移民局柜台出示相关证明就能出境。” 依斯迈沙比利今午与艺术工作者进行下午茶交流后，在记者会上解释，学生出国必须完成最少1年的学业，不可能在出国后的5、6个月后又返马， “这样的话我们可能不会允许他们入境大马。我们不允许国人‘度假’，我们不要国人出国2、3个星期又回来。” 他说，如果这些出国求学或工作的人，在出国的1、2年后返马，这是完全没有问题的。 员工上班需刷MySejahtera 另外，依斯迈沙比利强调，员工到公司上班也需扫描手机应用程式MySejahtera，没有例外。 他说，若没有使用MySejahtera，也应该如标准作业程序（SOP）般，测量并记录体温。 待胜选才讨论沙首长人选 另外，询及首相丹斯里慕尤丁托举沙巴土团党主席拿督哈芝芝诺为沙巴州首长人选，依斯迈沙比利表示，首相也提到这取决于各党的共识。 他说，国阵也有自己的首长人选，但一切仍需待在沙巴州选上取得胜利后才来讨论。 针对20岁军人阿都阿兹在峇株巴辖军营内离奇坠楼案，依斯迈沙比利说，此案已交由警方展开调查。 但他强调，如当中涉及霸凌事件，将毫不犹豫采取行动，包括开除涉及者。 针对一家中国企业被指收集上千名大马人资料一事，他表示，目前尚未收到详细的报告。  ,nan,nan,nan
https://www.sinchew.com.my/content/content_2343397.html,全国综合/ 廉正执行部：滥权争吵居多·投诉警员 秉公处理,全国,全国综合,2020-09-15,21:17:18, （美罗15日讯）全国警察廉正与标准执行部总监拿督赞里指出，该部接获的纪律调查报告中，滥权、争吵及执行任务期间没有遵守特定的标准作业程序占多数，不过该部会秉公处理，不会妥协。 他今日在美罗普通行动部队第3营基地出席“Outreach”宗教与辅导活动后在新闻发布会上透露，廉正与标准执行部一旦接获投报，便会全力展开调查，若有确凿的证据证明警员犯错，就会被带到纪律委员会进行处分。 接投报即展开调查 “举例说，我们曾接获警员因为小事与市民争吵，也有部分警方人员滥用权力，要下属协助处理其私人事情；只要接到投报，我们都会展开调查，并对相关警员进行处分。” 他指出，95%的警员其实都非常诚实，在工作上也愿意给予全力配合，只是部分警员可能因为私事及受到身边人的影响，才会犯下错误。 “当然，也有部分警员屡劝不听，对于这些冥顽不灵的警员，我们不会给予妥协，绝对会秉公处理。” 赞里曾于8月间透露，当局共接获3173宗武吉阿曼警官及警员的纪律调查报告，其中有1673宗已经解决，剩下1300宗仍在调查及处理中。 询及有关独立警察行为委员会（IPCC）法案的进展时，赞里指出，有关法案原定于8月中旬进行辩论，不过鉴于某些原因，将推迟至国会在11月复会时进行辩论。 赞里今日也在活动上移交礼物给美罗普通行动部队第3营基地队员的家属，共有16名孩子受惠。    ,nan,nan,nan
https://www.sinchew.com.my/content/content_2343384.html,全国综合/ 捣毁伪造盖章集团·移民局捕14印尼人,全国,全国综合,2020-09-15,21:13:29,（布城15日讯）移民局昨天捣毁一个伪造盖章的集团，逮捕14名印尼人，包括称为“安东”的头目。 移民局总监拿督凯鲁说，移民局是于昨晚突击双溪威一间商店，起获39本印尼护照，12本印尼紧急通行证，并现场逮捕38和32岁相信是首脑的男女。 他说，当局过后突击了第二家商店，起获各种伪造盖章，、28本印尼护照和4本印尼紧急通行证、一本孟加拉护照和一本大马护照，以及逮捕7名男子4名女子和一名小女孩。 营运疑有两年 他今日在新闻发布会上说，安东夫妇相信是集团首脑，料营运已有两年，每项交易介于150至250令吉，盖章的有效期是一个月。 他说，当局所起获的护照都是真的，只有盖章是伪制的，这些印尼人为了能在大马逗留更久，因此，才寻求该集团的服务。 他说，安东夫妇因抵触移民法令55D条文而被捕，罪成可被判罚款3万至10万令吉，或监禁不5至10年或鞭笞不超过6鞭。 “其他被捕的印尼人是在15(1)(c)逾期逗留条款和56(1)(l)使用伪造文件条款下被捕。当局还在追捕两名相信是中间人的印尼男子。” 凯鲁说，移民局今年内总共捣毁了6个非法伪造文件和盖章的集团，涉及的伪造证件包括印尼、孟加拉和联合国难民署（UNHCR）难民证。  ,nan,nan,nan
https://www.sinchew.com.my/content/content_2343380.html,全国综合/ 林万锋：2029年之前·马打造亚太创意枢纽,全国,全国综合,2020-09-15,21:11:27, （万宜15日讯）国际贸易及工业部副部长拿督林万锋指出，设计领域在我国非常具有潜能，甚至可以提升本地及国外投资，并目标要在2029年之前将我国打造为亚太区的创意及创新枢纽（Creative and Innovative Hub）。 他表示，要完成这个目标，就必需要来自各个领域，包括教育及工业领域的支持。 “我国目前有74所高等教育学院提供与工业设计相关的课程，一年将培养超过3000名相关的毕业生，这些毕业生不只需要擅长设计，还必须了解整体工业发展，才有能力可以完成符合产品功能的设计。” 提升设计吸引更多外资 林万峰今日主持马来西亚设计委员会（MRM）所举办的2019年大马最佳设计奖（MGDA）颁奖典礼时指出，我国的工业领域随着提升设计这一方面后，相信能从而吸引更多的外资。 他说，大马设计委员会必须踊跃的举行更多与设计相关的活动，让本地投资者能从设计领域中获利，从而能提升我国的本地投资。 他希望在该委员会（MRM）的努力下，能激发更多尤其是国内中小型企业，去了解及更加地注重产品设计，并期望透过加强产品的设计能推动各企业在出口方面的表现。 他指出，马来西亚对外贸易发展机构（MATRADE）也与大马设计委员会合作推出“供出口的好产品设计”（Good Product Design For Export）活动，以确保我国出口产品的设计能媲美国际间的其他产品。 MGDA颁奖礼62产品获奖 林万锋说，上一届（2018年）的MGDA颁奖典礼只有36个产品符合条件获得奖项，但今年有多达62个产品成功获奖，证明我国的产品在设计这方面取得了很大的进步。 他也呼吁从事工业设计的相关人士，可透过贸工部“Industry4WRD”计划旗下的拨款获取资助。 大马设计委员会总经理拿督阿莫哈兹达祖丁则指出，产品设计对于一个品牌非常重要，而该奖项将有助于刺激与提升国内产品设计的创意及创新。  ,nan,nan,nan
https://www.sinchew.com.my/content/content_2343374.html,全国综合/ 移民局：大学已开学·外籍生可申请来马复课,全国,全国综合,2020-09-15,19:41:20,（布城15日讯）移民局总监拿督凯鲁表示，外籍学生可回到大马继续升学，前提是他们必须事先申请，且大学已经开学。 考虑接受新学生签证申请 他说，移民局也会考虑接受学生签证的新申请，惟只限已经开学并安排课程表给学生的大学，而且来自被禁止入境大马23个国家的学生，也不被允许申请新的学生签证。 “然而，来自这些国家但目前滞留在外国的学生，可以申请回来。” 因确诊病例超过15万宗而被禁止入境大马的国家，包括美国、巴西、印度、俄罗斯、秘鲁、哥伦比亚、南非、墨西哥、西班牙、阿根廷、智利、伊朗、孟加拉、英国、沙地阿拉伯、巴基斯坦、法国、土耳其、意大利、德国、伊朗、菲律宾及印尼。 校方须呈外籍生名单 根据《星报》报道，凯鲁在受访时表示学生除了须要写信至移民局提出申请，校方也须要通知移民局正在进行中的课程。 “（校方）也必须呈上要回大马的外籍学生名单，这样我们就可以对学生提出的申请进行交叉检查。” ,nan,nan,nan
https://www.sinchew.com.my/content/content_2343372.html,全国综合/ 哈米达：霹机构将被清盘·促政府救红土坎码头,全国,全国综合,2020-09-15,19:40:11, （怡保15日讯）继上周向反贪会举报霹雳州土地丑闻后，霹雳土著权威党主席拿督哈米达今天又指霹雳机构将面对清盘，并促请霹雳州及联邦政府拯救红土坎码头，以免霹雳机构在清盘后，红土坎码头也随之得易手或出售来还债。 她说，红土坎码头不只是霹雳州的资产，它也关系到保安的问题，因此红土坎码头不应该易手给其他人。拯救红土坎码头也等于拯救霹雳州的资产和尊严。 哈米达今日在新闻发布会上，指霹雳机构过去的资产曾经接近10亿令吉，目前却面对负债7亿2000万令吉的财务困境，并面临清盘，这种情况最终不只牵连美露动漫影城主题公园，美露卡苏丽娜酒店和在霹雳机构旗下的土地也会遭殃。 指红土坎码头或售外企 “让人感到遗憾的是，红土坎码头也会面临拍卖的情况。据了解，有关方面已经在商讨把红土坎码头售卖给外国公司。” 她说，霹雳机构债务的问题不只发生在希盟时期，国阵执政时期已经开始发酵。相信事情始于2012年尾，当州政府决定购买美露动漫影城主题公园时，弊端就出现了。但奇怪的是，希盟在执政霹雳州后并没有提出。 出席人士者包括霹雳土著权威党妇女组主席罗莎哈妮达、秘书阿祖鲁、华都牙也区部主席莫哈末那西尔及宣传主任沙菲安。 大臣否认霹机构面临清盘 另一方面，霹雳州务大臣拿督斯里阿末法依沙否认霹雳机构（PCB）面临清盘，并表示该机构不会脱售任何的资产，无论是红土坎码头或是一支笔。 他今午出席北马经济走廊执行机构会议后，受询时指出，州政府已经重新委任霹雳机构的董事会，目前正在寻找方案，让债台高筑的霹雳机构转亏为盈，以增加州政府的收入。 “我早前有会见霹雳机构的新董事，提醒他们要懂得变通，同时霹雳机构的领导层现在也在设法，让该机构从大马证券交易所的PN17公司名单中除名。”    ,nan,nan,nan
https://www.sinchew.com.my/content/content_2343364.html,全国综合/ “中国乐器”海外分级考试·10月30截止报考,全国,全国综合,2020-09-15,19:38:41,（吉隆坡15日讯）本年度第31届“中国乐器”海外分级考试定12月19至27日在大马多个地方举行，报考日期由即日至下月30日截止。 马来西亚中央音乐艺术学院发表文告说，上述考试地方包括吉隆坡、马六甲、新山、怡保、诗巫、峇株巴辖、亚罗士打及文德甲等。 文告说，海外分级考试是由中国北京中央音乐学院及马来西亚中央音乐艺术学院联办，考试项目有古筝、二胡、笛子、扬琴、琵琶、阮、唢呐、笙及柳琴等乐器。 由于受疫情和行管令影响，上述考试以录像制作拍摄，并送交北京中央音乐学院考级委员会评审。 另外，考生必须连同报名表格呈2张白底的护照型照片及2张身分证副本，考生必须出示原谱“中央音乐学院海内外考级曲目（海外版）”，违规者一概被拒考。 欲参加者，可透过以下方式索取报考资料： 网页：www.ccma.com.my ； 电话：03-5637 2903及012-229 3836（梁小姐）； 电邮：exam@ccma.com.my； 传真：03-7803 7862。 ,nan,nan,nan
https://www.sinchew.com.my/content/content_2343360.html,全国综合/ 贸消部 ：延迟还贷将结束·人民须精明消费,全国,全国综合,2020-09-15,19:33:37, （吉隆坡15日讯）随着延迟偿还贷款（moratorium）的措施将会在9月结束，国内贸易及消费人事务部副部长拿督罗索华希呼吁消费者要精明消费。 他认为，延迟偿还贷款措施结束后，会对特定群体的消费能力造成一定的影响，因此促请消费者精明及谨慎消费。 他今日为吉隆坡联邦直辖区消费者醒觉车队活动、大马促销活动及购买国货运动主持挥旗礼后，在新闻发布会上表示，政府举办的大马促销活动及购买国货运动深受欢迎，微型企业，特别是零售商也像该部反馈，这一系列的活动给予他们很大的协助。 “他们的生意有所好转，如果没有这些活动，他们的生意可能需要较久的时间才能恢复。” 他也说，目前市场已恢复至行动管制令前的90%。 助中小企加强市场行销 另一方面，罗索华希表示，贸消部透过“产品转型计划”协助本地的中小企业如何改进包装及加强市场行销，同时也会协助把品质优良的产品上架至市场。 “我们与超市及霸级市场有联系，可以提供协助，但前提是产品必须优质，就如我们的口号：‘我们的国货，优质商品’，我们不希望消费者买了之后觉对产品感到不满意。” 他说，目前吉隆坡一带有25家购物商场同意协助推广大马促销活动及购买国货运动。  ,nan,nan,nan
https://www.sinchew.com.my/content/content_2343359.html,全国综合/ 前国大党员向反贪会投报·促查霹油棕地低价出售,全国,全国综合,2020-09-15,19:32:05, （布城15日讯）前国大党和丰区部主席洛卡纳登今日向反贪会举报，要求反贪会调查霹州和丰114英亩的油棕种植园土地被指以低于市价出售一事。 他说，Kebangsaan Permodalan Tanah合作社公司的土地，于2005年以每英亩1万1280令吉的价格易手给一名上议员，而当时的市价为6万8000令吉。 他今日在反贪会总部向记者说，相关土地在当年由前国大党主席敦三美威鲁开发，用于为Dovenby油棕种植园的员工谋取福利，以便发展成住宅区。 他促请反贪会针对有关事宜展开调查，并相信此事件已违法。 他也指出，Pekerja Jaya合作社公司及和丰敦善班丹花园的居民，于1999年将两块土地拥有权以10万令吉出售给同一名上议员持有的公司，当时的市价为200万令吉。 反贪会发言人接受马新社的电访时，证实接获相关举报。  ,nan,nan,nan
https://www.sinchew.com.my/content/content_2343355.html,全国综合/ 涉8亿道路工程索款造假案·又一承包商被扣,全国,全国综合,2020-09-15,19:17:43,（古晋15日讯）古晋2名拿督级的公司董事涉嫌国防部8亿令吉道路修道工程项目索款造假案，再有一名承包商被扣押。 第4名涉及此案的44岁华裔男子，今早被带来推事庭申请延扣7天，但仅获得推事批准2天。案件将在本月17日（星期四）再过堂。 嫌犯的代表律师是商客隆和黄庆伟。嫌犯是于昨日（9月14日）傍晚6时30分左右落网。 涉及此案的2名拿督已于本月13日，因协助调查工作已结束而被释放；而第3名嫌犯则于本月10日，因为与这起案件毫无关联，而获得释放。 ,nan,nan,nan
https://www.sinchew.com.my/content/content_2343352.html,全国综合/ 纳吉：意味菲索沙可求偿“解决”·“沙菲益要求谈判犯大错”,全国,全国综合,2020-09-15,19:16:12,（吉隆坡15日讯）前首相拿督斯里纳吉非议沙巴看守首长拿督斯里沙菲益，在处理菲律宾要索回沙巴州课题上犯下大错，认为这将为沙巴和大马带来持久的问题。 纳吉今日在脸书贴文指出，沙菲益在8月28日突然发表声明要与菲律宾谈判有关索回沙巴的课题。 “当他这么说，沙菲益已经给予菲律宾索回沙巴的依据（或合法性）。这是在外交中是最基本的事情，但他却做错了，无论是否有意。 “沙菲益不明白当首长正式表示可以谈判，意味他们可以要求各种其他赔偿来‘解决’。可以讨论意思是可以解决，对吗？” 纳吉表示，有鉴于此，国阵政府不曾理会和不曾要与菲律宾商讨有关索回沙巴的课题，直到他们在1970年代关闭理赔处。 他表示，他在担任首相9年期间，菲律宾政府不曾挑起索回沙巴课题，有的只是苏禄的基兰（Kiram）家族。 “沙菲益发表的声明不到4天，菲律宾政府公布他们将正式重新开放索回沙巴的办公室。一旦菲律宾办公室重新开放，长远下来将引发各种争论、问题和对国家的安全威胁，最终将损害沙巴和大马。”   ,nan,nan,nan
https://www.sinchew.com.my/content/content_2343395.html,社会/ 警追踪10公里 男子弃车逃·丹起值2340万冰毒,全国,社会,2020-09-15,21:27:23, （道北15日讯）吉兰丹州总警长沙菲恩披露，丹边境安全机构（AKSEM）周六晚在一起追踪行动中，在一名男子的遗弃的车中起获584公斤，市值2340万令吉的冰毒，相信与此前破获的最大起冰毒案有关联。 他在道北警区总部召开新闻发布会时表示，警方人员是周六下午在甘榜德鲁日林发现一辆可疑的四轮驱动车，于是展开追踪。 “警方人员尾随可疑男子约10公里后，对方相信发现自己被警方人员盯上，所以加速逃离。途中，还有另一辆轿车为其掩护，并向空中开了一枪示警。” “警方人员没有放弃追踪，不过2辆可疑车辆最终加速逃离了警方人员的视线。” 冰毒包装成茶叶 他说，直到晚上7时左右，警方人员才在甘榜遮浪默林当一处草丛发现被不法分子遗弃的四轮驱动车。经过搜查，警方人员在车上搜出一袋袋，被包装成茶叶的冰毒。 “而被弃的四轮驱动车，则注册在一名霹雳州的车主名下，警方将根据资料展开追查。” 疑与最大宗冰毒案有关 沙菲恩也说，警方不排除此案与早前被警方破获的最大起冰毒案有关。 警方援引1952年危险毒品法令第39B条文以及刑事法典第186条文调查此案。    ,nan,nan,nan
https://www.sinchew.com.my/content/content_2343382.html,即时国内/ 买个资注册手机号行骗·助诈骗集团避追查 9人落网,全国,社会,2020-09-15,19:54:45,（吉隆坡15日讯）武吉阿曼警方捣破一个滥用数码产品多卡宝（Simbox），助纣为虐协助诈骗集团规避警方追查的不法集团，先后逮捕9名男女，起获大批盗买的本地和外国人个人资料，以及包括多卡宝在内等数码设备。 用多卡宝架构便捷通话短讯服务 全国警察商业罪案调查部总监拿督再努丁指出，这个不法集团从一些非法渠道购买外国人及本地人的个人资料后，大量的注册手机预付卡，然后通过多卡多待设备——多卡宝架构便捷的手机通话及短讯服务，再将号码以每组15至17令吉转卖给诈骗集团使用。 他说，通过这种方式，诈骗集团分子在进行网购骗局、贷款骗局、爱情骗局时，将不需要担心警方追踪到他们身上，因为即便警方循线追踪，也只会追查到被盗用资料的用户。 国外拨电也显示本地手机号 他补充，通过这种方法，拨电者就算是在国外，接电话者的来电显示也会是本地的手机号码。 他今日在新闻发布会上指出，警方是接获一宗贷款骗局投报后，依循线索调查而破获此不法集团。 他指出，警方于本月11日至前天，先后在森州和巴生河流域地区逮捕包括首脑（56岁）在内的9名男女（年龄介于25至57岁），分别是3名华裔男子、3名华裔女子、2名孟加拉籍男子和一名印尼籍女子。 他说，警方起获大批工具，包括28台多卡宝、6台电脑、2台路由器、一台数据机、一台电脑主机、3万6500张手机晶片、17台手机及1万4997令吉现款等。 改装多卡宝可插32张晶片 据观察，有别于网络上常见的多卡宝一般只支持数张晶片，但是警方所起获的多卡宝相信都已经过改装，可插的晶片达32张。 “警方在嫌犯的电脑主机内，发现近万个外籍人士的护照副本及313个本地人的大马卡副本，相信不法集团就是利用这些购买的资料大量注册手机预付卡。” 预付卡晶片没使用 再转卖 再努丁说，当手机号码不再被诈骗集团使用时，不法集团会把预付卡晶片再卖到市场，再赚一笔！ 他说，警方查悉此不法集团活跃近一年，随着嫌犯落网及延扣，警方极力追查此不法集团的联络网。 警方目前援引刑事法典420（欺骗）条文、电脑罪案法令5条文、通讯及多媒体法令126及127条文，以及1959年防范罪案法令展开调查。 骗案投报逼近去年全年 另一方面，由于国内各种诈骗案有上升的趋势，再努丁呼吁民众务必提高警惕，避免成为诈骗案受害者。 他说，根据数据统计，警方去年共接获1万2549宗诈骗案投报，涉及损失额为2亿7716万1342令吉，但今年至本月13日为止，已有1万1432宗投报，涉及金额达2亿5942万3131令吉。 “今年至今的投报宗数已逼近去年全年，尤其网购骗局更是已超越去年，从3513宗增至4357宗。” 此外，他说，贷款骗局也是节节上升，迄今共有4104宗投报，相较于1787宗电话诈骗案和1184宗爱情骗案排位第二。  ,nan,nan,nan
https://www.sinchew.com.my/content/content_2343402.html,政治/ 阿兹敏：发生爬树应考事件·“沙政府没建树才垮台”止篱,全国,政治,2020-09-15,21:05:12, （亚庇15日讯）国际贸易及工业部高级部长拿督斯里阿兹敏阿里今日批评以民兴党为首的联合州政府在过去2年执政时，没有为沙巴带来发展，才会导致州政权垮台。 他指出，若沙菲益真有诚意为沙巴特别是郊区带来发展，就不会发生薇薇奥娜为了更好的网络信号，爬树应考的事情。 “若沙菲益这么厉害，为何不把宽频和网络信号带入古达和必打士，薇薇奥娜就无需爬树应考。” 阿兹敏今日在斗亚兰为土团党苏拉曼州席候选人拿督哈芝芝诺站台时，也提及沙巴州之所以无法获得外资投资，主要是民兴党和沙菲益的缘故，并促请出席者若要让大批外资涌入沙巴投资，就应该换政府。 要沙更繁荣应支持国盟 他说，砂拉越民众现在高兴了，因为联邦政府履行大马协议，给予他们石油税，若要沙巴更繁荣，就应该拒绝民兴党，支持国盟。 “外资投资须获得联邦政府的同意，负责管理的就在你们面前（阿兹敏），奖掖是联邦负责，就算是要提高石油税，也是需要联邦政府才能让国油同意的。” 他也挑战沙菲益前来苏拉曼州席与哈芝芝辩论，让选民来衡量他们两人的表现，到底谁才是沙巴的叛徒。 他在稍后也与哈芝芝接收多名前民兴党和公正党领袖的入党表格，并为他们带上国盟的帽子。   ,nan,nan,nan
https://www.sinchew.com.my/content/content_2343368.html,沙巴西海岸/ 反驳百年木山经营权·阿尼法要告沙菲益,全国,政治,2020-09-15,19:25:20,（亚庇15日讯）沙巴看守首长拿督斯里沙菲益发表前首长两兄弟家族获得100年木山地经营权的言论，对此，爱沙党主席拿督斯里阿尼法阿曼驳斥沙菲益用肮脏竞选手段攻击他和他的家人，他会在选举过后，向对方采取法律行动。 阿尼法今日发文告，强烈否认沙菲益对他、他兄长及家人的指控，并表示他不敢相信沙菲益为了赢得选举，用下流手段中伤他和其家人。 “看来民兴党并没有信心执政。” 他说，他不打算浪费时间在对方身上，眼前最重要的是沙巴人民。 爱沙党发表竞选宣言 此外，他说，爱沙党今晚将发表名为“我承诺”（Aku Janji）的竞选宣言。 沙菲益昨日在古纳的一项集会上，展示沙巴基金局分别在2015及2018年，把2片木山地批予前首长两兄弟家族公司，经营各长达100年的文件，并挑战前首长入禀法庭起诉他。 ,nan,nan,nan
https://www.sinchew.com.my/content/content_2343352.html,全国综合/ 纳吉：意味菲索沙可求偿“解决”·“沙菲益要求谈判犯大错”,全国,政治,2020-09-15,19:16:12,（吉隆坡15日讯）前首相拿督斯里纳吉非议沙巴看守首长拿督斯里沙菲益，在处理菲律宾要索回沙巴州课题上犯下大错，认为这将为沙巴和大马带来持久的问题。 纳吉今日在脸书贴文指出，沙菲益在8月28日突然发表声明要与菲律宾谈判有关索回沙巴的课题。 “当他这么说，沙菲益已经给予菲律宾索回沙巴的依据（或合法性）。这是在外交中是最基本的事情，但他却做错了，无论是否有意。 “沙菲益不明白当首长正式表示可以谈判，意味他们可以要求各种其他赔偿来‘解决’。可以讨论意思是可以解决，对吗？” 纳吉表示，有鉴于此，国阵政府不曾理会和不曾要与菲律宾商讨有关索回沙巴的课题，直到他们在1970年代关闭理赔处。 他表示，他在担任首相9年期间，菲律宾政府不曾挑起索回沙巴课题，有的只是苏禄的基兰（Kiram）家族。 “沙菲益发表的声明不到4天，菲律宾政府公布他们将正式重新开放索回沙巴的办公室。一旦菲律宾办公室重新开放，长远下来将引发各种争论、问题和对国家的安全威胁，最终将损害沙巴和大马。”   ,nan,nan,nan
https://www.sinchew.com.my/content/content_2343347.html,政治/ 林吉祥：恢复清廉正义·盼沙巴人刮改变旋风,全国,政治,2020-09-15,20:58:42, （山打根15日讯）民主行动党依斯干达公主城国会议员林吉祥呼吁沙巴人刮起一股改变旋风，让民兴党+大胜并拿下三分之二多数议席，以引领大马在第15届全国大选中，恢复为清廉、正义且进步之国。 “沙巴州选非常重要，不只攸关沙巴前途，也与大马前景息息相关。” 林吉祥今日发文告，也对希盟政府原本要在5年任期里推动廉政、体制改革、正义，为全民谋福利，却在22个月后因被非法夺权告终，而感到极度失望。 “我们还有很漫长的路要走，我们也务必向来自必达士的勇敢少女薇薇奥娜那样坚毅和不轻言放弃，为建立一个新沙巴和新马来西亚而斗争。” 447人大混战严重分裂 林吉祥说，沙巴州选有447名候选人，不但在大马创下纪录，也可以竞逐世界纪录。 他说，选举委员会是最大获益者，因为如果有200至300名候选人按柜金被没收，选委会就很可能进账100至150万令吉。 “这也凸显出沙巴在大马建国半个世纪后，沙巴人民出现的严重分裂。” 黄诗怡：取消提升基设政治报复 行动党山打根国会议员黄诗怡表示，国盟政府取消山打根数百万令吉的基设提升计划，根本是政治报复。 她召开新闻发布会说，国盟政府取消的，是山打根人极为需要的基设计划，而这笔特别拨款已于2019年，获前任财政部长林冠英批准。 被问及前任山打根国会议员已故拿督黄天发提出发放工作准证予在本州生活已久的非法移民，黄诗怡解释说，其父亲非常同情在山打根出生的无国籍孩童，认为要给他们工作及受教育的机会，同时能透过发放工作准证，收集他们的指纹及资料。 她说，无国籍群体因没有国家愿意收留，生病入院时的费用也比国人高出3倍，无论对他们或对国家皆是一种负担。 不过，令她感到可笑的是，内政部长拿督斯里韩沙再努丁早前却宣布，让非法移民及无国籍群体统一使用IMM13（难民证）。 出席者包括行动党丹绒巴拔州议席候选人拿督潘明丰、伊罗普拉州议席候选人张克骏及居銮国会议员黄书琪。  ,nan,nan,nan
https://www.sinchew.com.my/content/content_2343328.html,求真/ 沙警察总部：传言不实·没颁布24小时海上宵禁令,全国,求真,2020-09-15,21:09:09,（亚庇15日讯）沙巴警察总部否认曾颁布“沙巴东海岸7县24小时宵禁”的命令，强调该则在社交媒体广传的是不实信息。 沙巴警察总监拿督哈扎尼今日强调，该项不实信息会对沙巴民众造成恐慌，特别是现在正值沙巴州选竞选期间。 “这是不负责任者散播的不实言论和信息，警方不曾发出过相关指令。” 他发文告说，沙巴警方所发布的第145项宵禁令是从9月2至17日，傍晚6时至隔天早上6时。 他指出，海上宵禁令实施的地点是东海岸离岸3海里以外的地区，3海里以内的海域则豁免该项海上宵禁令。 他补充，尽管在1967年警察法令下，警察总监可颁布长达24小时的宵禁命令，但亦赋予警察总监斟酌和放宽条件的权力。 ,nan,nan,nan
https://www.sinchew.com.my/content/content_2343327.html,求真/ 永旺：公司遭冒名·小心中奖欺诈,全国,求真,2020-09-15,21:07:06,（吉隆坡15日讯）永旺（AEON）提醒民众，提防冒用该公司名义宣称，通知中奖的诈骗手段。 马来西亚永旺零售昨晚在官方脸书发布帖文表示，该公司近日接到消息，有顾客接获上述诈骗信息。 “这些信息是通知我们的顾客，即他们已被选为AEON促销及市场活动的中奖者；这也是类似手段的常规模式。” 永旺表示，这些冒用该公司名义、标志或该公司董事名义的诈骗手段，是为了骗取公众的金钱或套取他们的敏感资讯。 “我们要声明，类似信息并不是由我们发出的，目前我们并没有委任第三方进行任何市场及促销活动，除非我们通过官方平台作出公告。我们要提醒公众提高警惕，不要成为类似骗局的受害者。” “若收到不知名人士发出的任何相关欺诈信息，请不要犹豫联络我们的热线1-300-80-AEON (2366)，向我们求证。” ,nan,nan,nan
https://www.sinchew.com.my/content/content_2343326.html,求真/ 《Kosmo!》遭冒名线上筹款·网民受促勿坠骗局,全国,求真,2020-09-15,20:58:39,（八打灵再也14日讯）马来报章《Kosmo!》促请社交媒体网民提高警惕，切勿跌入冒用相同名字的假社交帐号的线上筹款骗局。 《Kosmo!》现在的真实线上帐号的标志是单纯红底白字的“K! Digital”，不是拥有多元色彩的“Kosmo! Online Suara kontemporasi”的标志，两个平台的名称虽一样，但标志却有不同，稍不留意容易视假为真。 根据《Kosmo!》说明，假帐号在本月初上线，并上传了几张病人的故事，以博取公众的同情和善款，而假帐号所涉及的这一切与《Kosmo!》没有关联，也不为任何诈骗负上责任。 《Kosmo!》强调，其公司Media Mulia有限公司曾对社交媒体的假标志进行报案，并劝请民众以拥有超过46万粉丝的《Kosmo Online》和“K! Digital”标志的官方帐号发布的新闻为准。  ,nan,nan,nan
https://www.sinchew.com.my/content/content_2343478.html,即时国际/ 换车道突又转回·送餐员被抛飞轿车撞后逃,国际,即时,2020-09-16,07:54:48,（新加坡16日讯）已经亮起信号灯丶正要切换车道的汽车突然改变主意返回原本的车道，导致骑着摩托车的送餐员遭连人带车被撞翻，汽车被指扬长而去，送餐员父亲网上发贴文找目击者，希望可以揪出肇祸司机。 这起车祸发生在昨日（13日）中午12时12分，地点是在中央快速公路（CTE）。 据网上流传的视频显示，一辆银色轿车原本行驶在第三条车道，突然汽车开启信号灯转迅速切入第五条车道时，跟着不知何故改变主意，汽车又开回到第四条车道，导致与原本骑行在第四条车道的一辆摩托车发生碰撞，骑士当场被抛飞落地。 从视频可见，骑士背着送餐盒，连人带车被撞翻，然而银色轿车却没有停下，反而扬长而去。而跟在摩托车后方的车辆及时刹车，才没有撞上骑士。 身穿短裤T恤的骑士被抛飞落地后，马上站起来并向后方车子招手示意，随后一拐一拐地走回自己的电单车。 一名自称是送餐员父亲的网民“Tan Eng Ann”在事发后上载贴文说，视频中的骑士是他儿子，视频由一名好心的德士司机，也就是事发时在儿子后方的车辆所提供。 他在留言指出，儿子没有住院，但事后已经去报警，并且希望目击者能够联系他，以便提供肇事车子的车牌。 （联合早报）  ,nan,nan,nan
https://www.sinchew.com.my/content/content_2343477.html,即时国际/ “中国打压内蒙文化”·蒙古国抗议王毅到访,国际,即时,2020-09-16,07:44:46,  （乌兰巴托16日综合讯）中国当局被控在内蒙古打压蒙古族的母语和文化，蒙古国首都乌兰巴托（Ulaanbaatar）当地时间15日聚集大约100名示威者，抗议中国外交部长、国务委员王毅到访。 路透社报导，示威群众聚集在蒙古国政府宫（Government Palace）前的苏赫巴托尔广场（Sukhbaatar Square），高喊“保卫我们的母语”、“王毅走开”，过程大致和平。 根据中国的方案，内蒙古自今年秋季起，小学一年级和初中一年级先使用统编语文教材，2021年小学一年级和初中一年级使用统编“道德与法治”（政治）教材，2022年初中一年级使用统编“历史”教材，并使用国家通用语言文字、也就是汉语授课。 中国宣称这项政策目的为推动民族团结，并坚称仍有空间在其他学科和年级使用蒙古语文授课。 但政策仍引发蒙古族人罕见抗议和罢课，人权团体也指控，北京试图抹杀蒙古民族文化。 位于美国的南蒙古人权信息中心（Southern Mongolian Human Rights Information Center），昨天控诉中国当局要把内蒙古变成“警察社会”，表示警方在3周抗议期间关押4000至5000人，至少9人丧失性命。 蒙古国政府迄今未发表相关评论。 出席抗议的萨满苏赫巴托尔（Khaliun Sukhbaatar）告诉路透社：“我们的领袖必须发声。如果我们的政府以国际关系和经济稳定为由默不作声，蒙古族人正一个一个被消灭，蒙古将不复存在。” 蒙古国的经济高度仰赖中国。预料中国将在王毅2天访问期间，提供蒙古国7亿人民币（约马币4.2亿元）援款。 ,nan,nan,nan
https://www.sinchew.com.my/content/content_2343475.html,即时国际/ 乘巴士找猎物·男子刚出狱又非礼四女生,国际,即时,2020-09-16,07:27:47,  （新加坡16日讯）巴士痴汉出狱不到一个月又犯案，落网被控後，保释期间死性不改，再在巴士上先後非礼两名13岁少女，昨午认罪。 据新明日报报道，被告是41岁的欧亚裔男子克里维（Clive Hilary Cheng Kiat Vaz），案发时无业。他曾在2018年12月因非礼罪入狱，去年1月19出狱，怎料却不知悔改，获释不到一个月後又干案。 他一共面对4项非礼控状，指他在2019年2月11日至今年8月3日期间，非礼4名女性。他原本因涉非礼两名女性，在去年3月12日被逮捕和控上法庭，岂料却在获得保释後，继续犯案。 案情显示，去年5月26日晚上，一名13岁女生和父母及妹妹在克拉码头一带乘搭巴士。四人坐在巴士的上层，父母坐在前排座位，女生与妹妹则坐在後面。 被告上巴士後，特意坐在女生的後面，不久後竟伸手穿过座位和车窗之间的窄缝，触摸她的右胸，女生感到被侵犯，转头看被告，对方才收手。女生怕得不知所措，不停咬指甲，直到抵达目的地後，才告诉母亲。 称非礼能解压天天搭巴寻目标 被告称非礼人能解压，一天可乘搭29趟巴士寻目标。 被告事後承认，习惯漫无目的地的乘搭巴士，而调查显示，被告单在去年3月间，每天竟乘搭13至29趟巴士。 他称，这麽做能让他非礼女性，是解压的一种方式，还补充说喜欢从女性身後抚摸她们。被告昨午认罪，案展至本周五下判。 （联合早报）  ,nan,nan,nan
https://www.sinchew.com.my/content/content_2343474.html,即时国际/ 姐弟恋情变·女佣劈腿两男遭男友勒死,国际,即时,2020-09-16,07:11:15,（新加坡16日讯）姐弟恋情变酿命案！谈婚论嫁的女友劈腿又提分手，客工求复合被拒，涉先后用毛巾和束绳勒颈，最后再硬扭女友脖子以绝后患。 这起谋杀案发生在2018年12月30日，地点是新加坡芽笼一带，威士特豪路（Westerhout Road）的一家廉价酒店客房。 被告是31岁的孟加拉籍油漆客工阿末沙林，他被指在案发当天傍晚5时15分至晚上8点15分之间，在酒店客房内谋杀34岁印尼女佣诺希答雅缇（Nurhidayati），案件今早开审。 控方开庭陈词显示，被告与死者从2012年5月开始交往，两周约会一次，每月会发生一次性关系。两人的恋情原本已到谈论婚嫁的阶段，双方曾说好，在2018年12月结婚。 不料，死者在2018年10月至11月间，认识了另一名孟加拉籍客工，两人在认识三周后就到酒店开房，被告事后发现死者劈腿而萌起杀人的念头。 他在案发前一周已准备好了束绳（drawstring），打算与死者开房之际勒死她，不过死者承诺与“情人”分手，继续跟被告在一起，被告才打消了杀人的念头。 岂料，死者事后打电话给被告提分手，被告恼羞成怒，铁下心要杀了死者。 他约死者在案发当天到酒店开房，两人性交后，被告要求检查死者手机，也要求她与“情人”分手，不过死者不肯。 被告气得三次将毛巾捆住死者颈部，但前两次没有将毛巾拉紧，第三次则是一脚踩在毛巾一端，用力拉着毛巾另一端，直到死者双耳出血，不再反抗为止。 他之后听见死者嘴巴和鼻子发出声音，又用毛巾塞住对方嘴巴，再用束绳捆绑颈部并打结，为免除后患，被告还扭了女友的脖子。 验尸报告显示，死者死因为被勒死和颈椎骨（cervical spine）受伤导致。 死者半年劈腿2次 死者在2018年5月至6月间，曾与一名孟加拉籍客工交往，每个月会见面一次，她当时还在和被告交往，后者怀疑死者劈腿后，曾质问死者。 被告当时确认死者劈腿后与对方分手，并要求母亲和朋友帮他找结婚对象。母亲之后安排被告在2019年2月与一名女子结婚。 不过，被告与死者在2018年7月至8月间又复合，没想到死者之后又劈腿，结果酿命案。 “床上功夫不如人”律师：死者激怒被告 律师今早在庭上表示，被告发现死者劈腿后，变得愤怒丶妒忌且焦虑，被诊断案发时患有适应障碍症，希望能减轻犯罪责任（diminished responsibility）。 律师也表示，辩方另一个辩护立场是，死者死前对被告说：“其他男人床上功夫比你好，又比你有经济能力，不信的话我把录像拍下来，下周拿给你看！”。 律师指被告听了后被激怒，自制能力以及判断能力受影响，才会杀死死者。 控方虽同意被告案发时患有适应障碍症，但认为病情没有那么严重，不能以此减轻犯罪责任。 控方也认为，死者没说出激怒被告的话，那是被告编造出来的谎言。 谎称家里有急事被告欲逃回国 被告犯案后，拿了死者的钱和手机返回宿舍，隔天向公司谎称家里有急事，要当天回国。 被告在杀害死者后，拿了对方钱包里的30元丶手机和易通卡，然后回到客工宿舍。 他把杀人的事告知室友，并要对方帮忙将1000元汇给家人。 被告在冲完凉后，在外流荡了一整夜，隔天早上传简讯给公司人事部，说家里有急事，要当天回国。 他在早上10时45分到公司后，遭警方逮捕。  ,nan,nan,nan
https://www.sinchew.com.my/content/content_2343473.html,即时国际/ 球鞋昂贵买不起·中学生卖肉丸赚钱,国际,即时,2020-09-16,06:57:59, （泰国·曼谷16日讯）泰国一名15岁中学生吉迪塔，他因为央求父亲购买价值过万铢（约1323令吉）球鞋未果，於是决定通过自己的努力，在街边摆摊卖猪肉丸赚钱，一方面能够赚钱购买自己喜爱的东西，一方面也可帮补家计，从而减轻父母的负担。 吉迪塔透露，自己就读当地一所中学高中一年级，在此之前，他因为看中某知名球鞋品牌的一双鞋子，其价值超过万铢，於是决定跟父亲要钱，不过遭到拒绝。 事後，父亲便教育他要依靠自己的能力购买球鞋，他便决定在每天放学後，自己出钱买下家里的猪肉丸来摆摊赚钱。之後，他便改变每天的作息时间，从每天早上7时起床，改为早上6时起床，利用中间的一个小时来准备材料和酱油，以便在晚上8时拿到街边摆摊，平均一天下来，他共计卖出超过250串猪肉丸。 吉迪塔说，以前他认为自己一无是处，加上没有任何专长，所以从来也没有想过未来要从事甚麽职业，但经过这一次，他已经对将来有了初步的规画，同时也有了新的人生目标。 （泰国世界日报） ,nan,nan,nan
https://www.sinchew.com.my/content/content_2343471.html,即时国际/ 妇人失神抡刀割喉·3岁女儿枉死,国际,即时,2020-09-16,06:42:24,  （泰国·曼谷16日讯）猜疑作祟？泰国一名母亲疑因精神错乱，疑心自己和两个女儿会被强奸，竟然拿起菜刀杀死正在熟睡的3岁小女儿，在她打算割喉自杀的时候，丈夫及时制止，但是小女儿的枉死让他十分悲痛。 素叻他尼府喷平县警署长斯霖猜警上校昨天透露，当局於14日晚上8时30分接到报案，当地一名女子突然精神错乱，变得狂暴不已，冲进厨房拿起菜刀割正在睡觉的女儿的喉咙，当局立刻安排警员前往位於橡胶园内的事发居所控制了肇事者咘帕，并且发现她身上都是血迹，脖子上还有两处刀子割的伤痕。 此外，警方在事发地住所内发现已经身亡的3岁女童小艾，脖子有致命的刀伤，一床的血迹，死状十分凄惨。 小艾的母亲供称，女儿确实是自己亲手杀死的，她和丈夫一共生育了3个孩子，受雇割胶养家。一直以来，她为很多琐事烦恼，十分的焦虑，心生自杀念头，但是很担心小女儿没有人照顾，更害怕小女儿遭受歹人伤害，甚至强奸。 事发前，丈夫和大的孩子在玩手机，她和小女儿在床上睡觉，不知为何，自己就跑到厨房拿起菜刀，对着小女儿的脖子割下去，在她打算割大孩子的时候，闻声的丈夫回过了头，她才把菜刀架在自己的脖子上，打算一刀了结了自己的生命，但是最後被丈夫抢下了刀子。 肇事者的丈夫萨提（43岁）指出，妻子平时也没有甚麽异常之处，事发前，他们两人也没有发生过争吵，而且家里也没有债务问题，孩子都很健康。14日早上的时候，妻子不知道怎麽了，胡言乱语，好像精神错乱了一样，说有人来伤害她和两个女儿，他就安慰妻子不要给自己太大压力，好好休息，但是妻子不乐意，也不送孩子去上学，导致孩子旷课。 萨提说，妻子从未出现过这种症状，平时割完胶，妻子就会从下午一直睡到晚上，他自己会带二女儿在里面的角落一起休息，妻子和小女儿一起。事发的时候，他回过头看到妻子正拿着刀架在自己脖子上，打算割喉自杀，他迅速抢下，但是却看到令他十分悲痛的一幕，小女儿浸在血泊中，他疯了似的抱起女儿，想送去医院，然而才跑到家门口，发现小女儿已经断气了，他这才打电话向警方求助。 国家警察总署副发言人叻萨纳警上校表示，警总长十分关注该案件，初步获悉肇事者因焦虑和压力残杀自己的小女儿，而该名母亲将被控诉故意杀人罪，根据刑法第288条条规，她或许将被判处死刑，或者是终身监禁。目前当局已经联系了社会发展与国民稳定部对该家庭进行援助。 （泰国世界日报）  ,nan,nan,nan
https://www.sinchew.com.my/content/content_2343466.html,即时国际/ 中国多地财政雪上加霜· 拖欠教师公务员薪资,国际,即时,2020-09-15,23:54:39,（上海15日综合电）中国媒体近日爆料，受到疫情影响，中国多个地方政府财政雪上加霜，在辽宁、安徽、河南等地拖欠教师薪资的问题严重，有些地方连公务员薪资也发不出来。 中国大力宣传今年是全面脱贫和迈入小康之年，同时强调在全球疫情中，中国率先复工，取得良好的经济成绩。不过，对许多中小教师来说，他们并没有感受到生活变好，甚至连生活都出了问题。 《澎湃新闻》报道，教师薪资被拖欠是多年老问题，可是7、8月陆续有网友到地方政府的留言板留言， 要求解决问题，显见他们已经忍无可忍。 报道列举，由于财力紧张的原因，辽宁省沈阳市康平县、营口市盖州市、鞍山市岫岩县等多地拖欠教师薪资。其中，康平县同时还拖欠公务员、事业人员薪资。 此外，安徽省宿州市泗县、埇桥区、毫州市利辛县、淮南市潘集区多地也存在拖欠教师薪资的问题。 有网民向康平县委书记留言说，拖欠退体教师薪资一事，十几年了都没有解决，这些年很多教师带着遗憾离世。“有的教师体弱多病，真的急需这些钱啊！” 中共康平县委在回复中坦言，从2007年至今，拖欠数千名中小教师薪资人民币4564万元（2787万令吉），此外还拖欠公务员、事业人员工资2500万元（1526万令吉），全县共拖欠工资7064万元（4313万令吉）。 还有网民向安徽省委书记李锦斌反映，表示教师薪资低，好不容易有了单次奖励金来提升待遇，可是2018年就该拿到的奖励到了2020年才发放。 网上有评论质疑，这类事情为何都要等到媒体报道才会处理？显然不是教师不知道如何检举，而是他们知道检举后“后果”严重，考虑家人安全问题后多数选择沉默，真的忍无可忍才在政府网站公开留言。 ,nan,nan,nan
https://www.sinchew.com.my/content/content_2343465.html,即时国际/ 对中征2千亿美元关税· 世贸组织裁决美国违法,国际,即时,2020-09-15,23:52:54,（日内瓦15日综合电）世界贸易组织认为，美国政府对中国征收超过2000亿美元的关税属于违法。 化解贸易争端的专家组认为，特朗普政府向中国政收的关税，并不符合世界贸易组织规则，要求美国的措施必须与履行世贸义务一致。 理论上，这项裁定将允许中国在仲裁程序完成后对美国商品课征巨额报复性关税，似将影响特朗普对中国发动的贸易战。 不过，美国政府今后60天内可随时提出上诉，等于实质否定这项裁定，因为世贸组织上诉法庭目前停摆，主因是华府持续抵制新法官的任命。 美国总统特朗普一直不满世贸，认为存在对美国不公平。 中国商务部欢迎裁决 另一方面，中国商务部表示，对专家组作出的客观、公正裁决表示赞赏。 中国商务部发言人表示，中方将美方单边主义和贸易保护主义的错误做法诉诸世贸组织争端解决机制，是维护自身合法权益的需要，也彰显了中方尊重世贸组织的规则、维护多边贸易体制权威性的坚定决心。 ,nan,nan,nan
https://www.sinchew.com.my/content/content_2343459.html,即时国际/ 再批伍德沃德新书· 特朗普：“非常无聊”,国际,即时,2020-09-15,22:57:29,(华盛顿15日综合电)美国总统特朗普周二（15日）接受“福克斯与朋友们”节目采访，特朗普就伍德沃德爆料自己的新书再次做出回应。特朗普自称快速地看了一遍这本书，他认为“非常无聊”。 “实际上，我昨晚读了一遍。我读得很快，（这本书）非常无聊。”特朗普在节目中说道。 随后，主持人问：“这本书写得准确吗？” “这是本很无聊的书。”特朗普回答道，“凑活吧，我的意思是，凑活吧。” 美国有线电视新闻网（CNN）此前报道，揭露“水门事件”的美国记者伍德沃德的新书《愤怒》即将出版，书中对特朗普在白宫的生活进行了大量揭秘，其中提到了特朗普曾在会议上贬低美军将领、曾故意淡化冠病疫情的严重事件。日前，特朗普接受福克斯新闻采访时回应，他“几乎可以确定”他不会看这本书，因为他“没时间”。 指美数周内研制出疫苗 另外，特朗普也说，美国将在数周内研制出冠病疫苗。他说：“我和食品药品监督管理局加快推动了这一进程。我们将在几周内研发出疫苗，可能是4周，也可能是8周……。我们有很多伟大的公司。” 另一方面，叙利亚Al-MasdarNews网站报道，特朗普证实，2018年叙利亚出现所谓的化武袭击事件后，他曾考虑下令暗杀叙利亚总统阿萨德。他说，宁愿除掉阿萨德，不过时任国防部长马蒂斯不想这样做。 2018年4月14日，美国以叙利亚政府军使用化学武器为由，空袭了叙利亚政府军基地。 ,nan,nan,nan
https://www.sinchew.com.my/content/content_2343379.html,即时财经/ 每股1.60令吉· Mr DIY传上市集资15亿,财经,即时,2020-09-15,23:01:53, （吉隆坡15日讯）知情人士透露，正在筹备上市的全马最大家居装饰零售商MR DIY，已经设定每股最高发售价为1令吉60仙，上市集资总额将达到15亿令吉。 《路透社》报道，MR DIY正在进行预先行销活动，目标是在10月推行上市计划。 由于该公司的现金流状况有所改善，首次公开募股（IPO）可能会发售更少新股和献售更多现有股票。发行股票总数则和早前招股书初稿披露的一样。 根据该公司在招股书初稿中表示，此次IPO将包括9亿4150万股，其中5亿6490亿股为主要股东献售的次级股票，3亿7660万股为首次发售的新票。献售方包括私人股权公司Creador和MR DIY创办人董事经理陈有辉。 招股书初稿显示，机构投资者部分将包括7亿8000万股，散户为1亿6150万股。 MR DIY在大马拥有逾500间分店，并已经进军泰国、汶莱和印尼。 联昌投行、瑞士信贷、摩根大通、马来亚银行和兴业投行是该公司上市全球协调机构，而瑞银集团（UBS）为联合竞标定价商。 ,nan,nan,nan
https://www.sinchew.com.my/content/content_2343257.html,非常常识/ 郑丁贤.卡达山再也無英雄,言路,非常常识,2020-09-15,20:00:00,"我传了一则简讯给熟悉沙巴政治的卡达山友人，问道： “卡达山族群目前最有影响力的政治领袖是： a. 麦西慕──沙巴团结党（Maximus Ongkili，PBS）； b. 杰菲里吉丁岸──立新党（Jeffrey Kitingan，STAR) ； c. 达勒雷京──民兴党（Darell Leiking，Warisan）； d. 马迪乌斯──民统（Wilfred Madius Tangau, UPKO）； e. 拜林吉丁岸──沙巴团结党（Pairin Kitingan, PBS）； f. 其他。 他的回讯是： “以上都不是，卡达山人已经没有代表性的政治领袖”。 他的答复，和我心里所想的是答案是一致的。 沙巴政治，分为两大一小，两大块分别是马来穆斯林，以及卡达山原住民，比例约为5:4；小块则是华裔，比重不足一成。 当沙巴马来穆斯林分裂，沙菲益的民兴党占了一半，巫统土团占另一半，势均力敌之下，卡达山选区的趋向，将决定了沙巴江山的归属。 如果卡达山族群在这个历史性时刻，能够团结一致，他们不仅可以成为造王者，甚至可以自己成王。就如1985年，当人民党和沙统对立时，拜林发动“担布南精神”，带动卡达山人大团结，成立团结党，一举拿下沙巴政权。拜林也戴上Huguan Siou卡达山精神领袖的光环。 只是，拜林已老（有人说晚节不保），团结党繁花落尽；卡达山再也没有领袖，也没有一个强大的族群政党。 如今，卡达山政党比马来政党更多，也更小；卡达山族群比穆斯林更加分散，或是分裂。 以卡达山人为对象，强调卡达山精神的政党，让人眼花缭乱；争着出位，要当卡达山盟主的政治人物，前仆后继。 他们都把这次州选当成一个黄金机会，试图脱颖而出，或是卷土重来。 正因如此，447个候选人之中，卡达山人占了很大部分；而各选区出现政党混战，也以卡达山政党居多。 譬如，国盟和国阵组成“沙巴人民联盟（沙盟）”，出发点是以单一团队，对抗民兴党+。 沙盟成员之中，沙巴人民团结党（PBRS）是国阵成员党，立新党（STAR）是国盟成员党，沙巴团结党（PBS）则是国盟友好政党。 它们的对手应该是民兴党（Warisan），以及民兴党+的民统（UPKO），和公正党（PKR）。 只是，提名之后，沙盟成员竟然在17个选区，出现候选人重叠，自己先打自己，沙巴团结党、人民团结党和立新党，先来内战，打成一团。 上一届大选，卡达山政党也是厮杀，结果彼此分割一小片蛋糕，占个小山头，苟延残喘。 而今，看不出任何一个卡达山政党，以及卡达山领袖可以成为主导，不管是在沙盟，或是民兴党。 拜林已经半隐退，他的继承者麦西慕没有拜林当年的魄力，如今麦西慕甚至因健康问题，一段时期未曾露面。 拜林之弟杰菲里曾经风光一时，但离开团结党之后，几乎曾经加入所有沙巴政党，成为沙巴青蛙的代表人物。 达勒雷京是新一代人物，曾经在公正党麾下，后来加入民兴党，成为二号人物。尽管他获得一些好评，但毕竟是在沙菲益之下，无法超越。 马迪乌斯表现中规中矩，无功无过，少了光芒。 放眼望去，卡达山已无英雄；而卡达山族群经过30年的政治挫败，近乎心灰意冷，失去当年的热情。 选举结果，不管是沙盟或民兴党胜利，胜者将是巫统∕土团，或是民兴党，而不会是任何一个卡达山政党，或卡达山领袖。 ",nan,nan,nan
https://www.sinchew.com.my/content/content_2343302.html,社论/ 在马来西亚日思考国家未来,言路,社论,2020-09-16,08:10:00,国庆日落幕不久后，我们迎来了马来西亚日，一个同样深具意义的日子。 1957年8月31日，马来亚摆脱殖民统治，实现独立；1963年9月16日，马来亚与沙巴、砂拉越、新加坡（两年后退出）组成马来西亚。这两个日子，具有不同的意义，但却是我国历史上极其重要的里程碑。 相对于8月31日的国庆，916马来西亚日长期备受冷落。多年以来，联邦政府皆以马来半岛（西马）为中心，相对忽略东马，以致沙巴与砂拉越发展滞后。不久前，发生沙巴女生薇薇奥娜“为了考试而爬树获取网络信号”事件，显示沙巴网络通讯设施的不足，同时在某程度上亦折射出东马被边缘化，以致基设落后的残酷现实。 然而，随着局势改变，西马的政治版图重新洗牌，东马的地位越显重要。事实上，在今年的政权变天中，砂拉越政党联盟（GPS）就扮演了造王者的角色，造就国盟上台执政。 2009年，时任首相纳吉宣布把9月16日列为全国公假，彰显了这一天的重要性。马来西亚日受到官方认可，固然是好，但更重要的是，各方应了解马来西亚日的意义，共同塑造一个多元和谐的国家。 无论是政府、政党与国人都应该学会从马来西亚的角度去思考问题，实践多元中庸，而不是受囿于狭隘视野。尤其是西马的政治人物，更该如此。 西马政治受种族与宗教因素影响甚深，政客为捞取政治资本，不惜操弄种族与宗教议题，相较而言，东马的政治氛围则较宽容多元。若西马政党与政治人物能摆脱本位主义，以宏观态度参与国家建设，相信可推进马来西亚的和谐与繁荣。 马来西亚已深陷种族主义泥淖多年，政客乐此不疲玩弄旧伎俩，虽然仍有捧场者，惟年轻一代已厌倦这种把戏，而明眼人也清楚，这绝不是马来西亚的璀璨未来。年轻一辈向往的是具有包容精神与多元文化的马来西亚。 如今沙巴州选遇上马来西亚日，在政治的喧嚣中，更应该静心思考马来西亚的本质与未来走向。需知，马来西亚日，不是日历上的一天普通公假；这一天提醒所有人，我们必须携手耕耘和谐关系，在多元的土壤上栽种中庸的种子，结出繁华的果实。 ,nan,nan,nan
https://www.sinchew.com.my/content/content_2343426.html,都市动态/ 企图从水路入境巴生·77印尼偷渡客被捕,地方,大都会,2020-09-15,21:36:52,（巴生15日讯）77名来自印尼的偷渡客，企图从水路入境我国，结果全数在吉胆岛外海海域被捕。 武吉阿曼警方特别行动小组在本月14日傍晚7时10分，于吉胆岛外海展开城墙行动时，发现一艘可疑的驳船，于是趋前截停进行检查，并联络巴生南区警区。 巴生南区警区主任三苏阿马助理总监披露，当警方登船检查时，发现多名偷渡客，其中3名偷渡客还企图跳海逃离，不过最终还是被警方逮捕。 他说，经过调查，此艘船上共有77名来自印尼的男女，包括53名男性、18名女性、2名婴孩、1名舵手及3名船员。 “这些偷渡客年龄最小的是1岁和3岁，其余的偷渡客年龄介于17岁至58岁之间，全数都已被逮捕，同时进行冠病检测。” 他说，初步调查显示，偷渡客一般都是从印尼丹戎巴莱（Tanjung Balai），使用水路企图偷渡至巴生地区。 此外，他说，警方将援引2007年反贩卖人口和反贩运移民法令(ATIPSOM)第26A条文调查此案，所有偷渡客都将送往进行冠病病毒检测。  ,nan,nan,nan
https://www.sinchew.com.my/content/content_2343425.html,都市动态/ 未申请水供户头·货仓偷消防水管水,地方,大都会,2020-09-15,21:34:50,（瓜雪15日讯）本查阿南镇柏西兰本查阿南6路一间汽车零件及置放物品的货仓，疑从1年前起在未申请成为水供注册户头的情况下，非法从消防水管中取水用于货仓的日常运作，让雪州水务管理公司初步估计损失300万令吉。 水务公司料损300万 国家水务服务委员会及雪州水务管理公司今日前往该货仓展开取缔行动，并将展开进一步的调查，对付这起不法偷取水的事件。 国家水务委员会企业公关与消费人事务高级执行员罗碧梅在召开新闻发布会时表示，委员会在接获雪州水务管理公司有关偷取水的投报后，前往该货仓展开调查及取缔行动。 她说，在取缔行动中可见该货仓是直接从消防水管中取得水供，以用于货仓的日常运作的水供。她说，他们估计该货仓在1年内共使用了70万立方公尺的水。 “该货仓于去年9月开始营业，惟迄今为止，货仓业者并未向雪州水务管理公司申请水表，反而非法接驳水供，从消防水管中取得水供。” 资料不齐 水表申请遭拒 她说，该货仓在建竣后，曾透过发展商提出安装水表申请，惟最终因资料不齐全而没有成功申请到新水表。 “我们发现货仓业者使用直径150毫米的球墨铸铁（Ductile Iron）水管，从消防水管接驳雪州水务管理公司主要水管，将水引入货仓作为日常供水用途。” 她也说，委员会也发现另一个接驳点，即该货仓业者使用直径32毫米的聚乙烯输水管（HDPE）偷水，引至货仓内的一个水槽。 “今日展开的执法行动属于初步行动，我们接下来会继续展开调查，包括召见该货仓的负责人问话，并要他们在指定时间内还清拖欠水费。” 她说，无论如何，当局已援引2006年水供服务法令（655法令）第123（1）条文调查此案，一旦罪成，可罚款不超过10万令吉或监禁不超过1年或两者兼施。 出席者包括雪州水务管理公司副主席纳西尔。 ,nan,nan,nan
https://www.sinchew.com.my/content/content_2343424.html,都市动态/ 霸占保留地当回收中心·无牌运营约年余被查封,地方,大都会,2020-09-15,21:33:01,（加影15日讯）加影市议会执法组今午偕同乌冷土地局及环境局，取缔蕉赖南区C118商业区旁边一个非法霸占保留地的回收中心，当场进行查封。 据了解，该回收中心无牌运营约年余，当局发现有关保留地被霸占，为免河流被污染事件发生，当局采取行动。 加影市议员丘钦瀚说，根据乌冷土地局调查显示，此间非法运作的回收中心是占用河流旁保留地，土地局已发出通令，业主或租户受促腾空该地段，还原土地面貌。 他指出，业者除了滥用土地，也没获得市议会发出的商业执照，因此被查封。  ,nan,nan,nan
https://www.sinchew.com.my/content/content_2343423.html,都市动态/ 住家范围内朝路人“露宝”·女邻居报警捉变态男,地方,大都会,2020-09-15,21:29:13,（八打灵再也15日讯）男子在住家范围内朝路过的女邻居“露宝”，结果遭警方上门逮捕。 这起变态男“露宝”案是于昨日早上10时30分，在双威镇PJS 10区的拿督河马花园（Taman Dato Hormat）发生。 八打灵再也警区主任聂依查尼助理总监指出，警方于昨早接获1名47岁本地女子的投报指有变态男子向她“露宝”后，于昨晚8时30分在上述地点突击一间住家单位，逮捕1名33岁本地男子助查案件。 他说，落网的男子是报案者的邻居，是一名建筑物技术员，警方目前援引刑事法典第377D（有伤风化）条文调查此案。 在这项罪名下被控嫌犯一旦罪成，可判最高2年监禁。 ,nan,nan,nan
https://www.sinchew.com.my/content/content_2343422.html,都市动态/ 为还债自编自导遇劫·2男女报假案被控,地方,大都会,2020-09-15,21:26:21,（八打灵再也15日讯）1名女书记及男递送员，先后向警方报假案声称遇劫，损失雇主的款项，警方深入调查后揭发2人为了还债自编自导遇劫的剧情，2人事后被警方援引报假案罪名控上法庭，被罚款1500令吉或以3个月监禁代替。 上述2宗案均发生在鹅唛警区，鹅唛警区主任阿里费助理总监因此劝告民众，勿以身试法报假案，并以上述2案作为借镜。 书记指2900令吉遭掠走 他说，本月8日，旧巴生路某公司的1名女书记（49岁），向警方报案声称，她受雇主所托，当天上午8时30分准备把公司一笔2900令吉的款项存入银行，当她在甲洞蒂沙再也40路步行时，装钱的手提袋遭2名同乘1辆摩托车的匪徒掠走。 “她事后据情报警，警方深入调查后，发现她报假案，原来她因为欠大耳窿债，不惜报假案，以公司钱来还债。 “女书记3天后被捕，并被警方延扣4天查办，她今早被警方援引刑事法典第182条文（报假案）控上士拉央法庭，被罚款1500令吉或以3个月监禁代替。” 递送员声称被被骑士抢劫 阿里费说，至于次宗案，1名递送员（26岁）向警方报案，声称他于本月7日下午约1时30分，在万挠菁乡岭的峇尤柏迈花园，因摩托车损坏停在路边时，遭2名疑是巫裔同乘1辆摩托车的男子持刀抢劫，被抢走现款3950令吉及个人证件，相关款项属于雇主所有。   “警方深入调查后，揭发递送员报假案，原来他私吞雇主的款项来还债，不惜编造遇劫的故事。” 他说，嫌犯于当天被捕，并被警方延扣4天查办，本月10日被警方援引刑事法典第182条文（报假案）控上士拉央法庭，被罚款1500令吉或以3个月监禁代替。 ,nan,nan,nan
https://www.sinchew.com.my/content/content_2343421.html,都市动态/ 灵警取缔按摩院·17岁外国少年获救,地方,大都会,2020-09-15,21:23:28,（八打灵再也15日讯）警方取缔按摩院，逮捕5名没有合法工作准证的外国籍男女按摩师，并救出1名17岁的外国籍少年按摩师，按摩院女看守员及女东主也先后被捕。 灵市警区主任聂依查尼助理总监说，42岁的女东主被警方扣留1天查办，由于她涉及剥削17岁外国男少年及雇用外国男女非法工作，警方目前援引反贩卖人口及私运移民法令第14条文、1959/63年移民法令及1963年移民条例进行调查。 1男4女外国人被控 他说，同时被捕的1男4女外国人，因非法任职按摩师，今早在移民条例下被控上法庭，至于17岁少年按摩师，则被警方援引临时保护令，安置在儿童保护所。 他说，灵市警方是本月1日下午约4时30分，突击位于灵市白沙罗乌达玛的按摩院，今日凌晨零时25分又突击灵市丽阳名捷城1间屋子，逮捕按摩院的女东主。   ,nan,nan,nan
https://www.sinchew.com.my/content/content_2343420.html,都市动态/ 偷Hilux货卡只需5分钟·阿林党瓦解 3惯犯落网,地方,大都会,2020-09-15,21:19:07,（沙亚南15日讯）3名专偷豪华车的阿林党（Geng Lim）再次出没干案，惟天网恢恢疏而不漏，连续干案2个月后被警方逮个正着！ 沙亚南副警区主任蓝赛警监今日召开新闻发布会时指出，警方是于本月2日，在沙亚南第7区的一间住宅区内将这3名涉案的华裔男子逮捕归案，并同时当场起获2辆丰田Hilux货卡。 他表示，这3名嫌犯都是惯犯，而且都有偷车干案的前科，年龄都是40余岁左右。 “他们是专业的偷车党，在消失了一阵子后，如今适逢行管令放宽，因此便出来为非作歹，再度干案。” 他说，这3名偷车党都会物色泊在路旁的丰田Hilux货卡，利用干扰器以破坏货卡内的防盗器和安全系统，接着就透过电钻等工具破坏车门，再将车门打开，潜入车内后在破坏汽车动力系统，启动引擎，就这样悄悄地把货卡架走。 他表示，由于嫌犯非常专业，对偷车技术已熟能生巧，因此只需要短短的5分钟就能不费余力地偷走一辆货卡。 “他们之后会将这些偷到手的货卡脱售或售卖到国外，警方在其住家起获的2辆货卡也是他们上个月干案得来的。” 他说，警方将援引刑事法典 第379（偷窃）条文，对此案件展开调查，同时仍在追缉潜逃的其余党匪。  ,nan,nan,nan
https://www.sinchew.com.my/content/content_2343419.html,都市动态/ 佯装老友借钱被揭发·老千骗不到钱抹黑网民,地方,大都会,2020-09-15,21:17:12,（加影15日讯）网络老千骗不到钱，恶意攻击抹黑网民毁声誉。 最近有个华裔老千在脸书多个群组，搜罗涉及商业活动的用户资料，冒充老朋友身分向网民借钱，虽然数目不多，一般是介于50和100令吉之间，只是他的诈骗伎俩不高明，轻易被揭穿。 据了解，虽然很多网民揭发他是老千，而他仍用相同技俩在脸书各别群组寻找猎物，若骗不到钱，他除了粗话留言，还在网上诬蔑网民声誉，特别是从商的网民，被他蓄意诬陷为黑商家。 王和顺：出示合照留言求助借钱 行动党蕉赖皇冠城支部秘书王和顺指出，日前他也被该名老千盯上，老千透过WhatsApp出示从脸书下载一张他与党员出席晚宴会的合照，并留言向他求助借钱，他并无答应也不理会，老千无法得逞，将他抹黑为骗子，还附上他一家三口的合照。 他表示，除了他之外，该支部其中一名理事也是在同一天被老千联络上，幸好对方机警，没有上当。 他披露，老千借钱数目不多，而且通晓多种方言。他相信被骗过的人，基于损失不多，不选择报案，这也间接导致老千变本加厉。 吁受骗民众报警 他说，他查阅脸书多个群组，已有很多网民揭发该名老千诈骗手法，虽然他没有金钱上损失，但还是向警方备案。 他呼吁民众，如果遇到类似事件，必须向警方备案，以防有人继续受骗。 ,nan,nan,nan
https://www.sinchew.com.my/content/content_2343314.html,民生特工队/ 公园清理3周又脏了·垃圾虫令居民好无奈,地方,大柔佛,2020-09-15,19:41:28,"报道：蔡雪花
焦点社区：古来优美城仙丹路休闲公园 （古来15日讯）为消灭黑斑蚊滋生的温床，当局甫于3个星期前，在古来优美城仙丹路的休闲公园展开灭蚊清洁运动，但如今公园又再次出现垃圾及积水，令附近居民深感无奈。 一名不愿具名的居民向星洲日报《大柔佛》社区报表示，古来市议会园艺组、古来卫生局、南方环保公司及当地居民，才于8月23日联手在上述公园及附近展开清洁运动，清理垃圾、杂草、树枝等。 “清洁运动后，还是有人将垃圾丢到公园，导致不到3个星期的时间，公园又变得处处垃圾，非常肮脏。” 他表示，让人担忧的是，有人将饭盒等垃圾丢在公园，最近数日都下雨，导致饭盒出现积水，若不尽速处理，或将成为黑斑蚊繁殖的温床。 他促请垃圾虫不要再将垃圾丢到公园，以免优美的环境受到污染。 亭子椅子毁坏盼速处理 他说：“除了垃圾问题，公园的多项设施，包括亭子、椅子等，都已毁坏多时，希望有关当局能尽速处理。” 本报将居民的投诉传达给士乃州议员郑凯聪，他表示将向相关机构投诉。 ",nan,nan,nan
https://www.sinchew.com.my/content/content_2343309.html,南砂/ 多在午后晚上才下 . 砂未来一周有雷雨,地方,砂拉越,2020-09-16,08:05:00,（古晋15日讯）大马气象局预测，砂拉越多个省份在未来一周仍有雷雨，多数在午后局部雷雨，晚上则一两个地区有雨。因此，住在低洼地区的居民受促提高警惕。 从9月16日至21日期间，斯里阿曼、木中、泗里街及诗巫省于17日及18日无雨，其他日子则一两个地区午晚皆下起雷雨或局部雨。西连省则于本月18日无雨，其余日子则一两个地区有雷雨或局部下雨。 古晋、三马拉汉及沐胶省早上无雨，午后一两个地区有雷雨，晚上一两个地区有下雨或无雨。 民都鲁早上无雨，而美里、林梦及加帛省早上一两个地区有雨，午后一两个地区下雷雨，晚上皆有雨。 另一方面，由于雨季提早降临，各救灾单位，如消拯局、民防部队等均已做好准备，以在灾难来临时能即刻伸出援手。 砂消拯局已未雨绸缪，包括确保配备良好、巡逻水灾黑区、限制20%消拯员及官员假期申请等，以便水灾发生时，第一时间投入救灾工作及疏散灾黎。  ,nan,nan,nan
https://www.sinchew.com.my/content/content_2343203.html,汶莱/ 乌达玛巴拉卡斯路．局部封锁铺沥青,地方,砂拉越,2020-09-16,06:15:00,（汶莱斯里巴加湾15日讯）公共工程局公布，乌达玛巴拉卡斯路部分路段今日起暂时关闭，直至维修道路工作结束。 道路重铺沥青之维修工作胥视天气概况。 公共工程局提醒道路使用者经过有关路段时小心驾驶，遵守路牌指示和时速限制，避免意外的发生。 欲投诉者，可致电达鲁萨兰热线123、Livechat+6738333123、脸书Jabatan Kerja Raya，Brunei Darussalam或电邮pro@pwd.gov.bn。  ,nan,nan,nan
https://www.sinchew.com.my/content/content_2343201.html,汶莱/ 伪造身份证 文件．7嫌犯国安法下被拘,地方,砂拉越,2020-09-16,05:40:00,（汶莱斯里巴加湾15日讯）汶莱国内安全局引用国内安全法令对付一个伪造身份证集团，逮捕7名涉及伪造身份证的男子。 落网者包括集团首脑法希鲁（27岁），其他同伙为阿斯玛（27岁）、莫哈末再因（29岁）、阿密鲁（27岁）、阿都哈迪（26岁）、莱尼（26岁）及莫哈末菲兹（28岁）。 据悉，7名嫌犯涉及伪造汶莱公民身份证，欲以5000元的价格出售，同时也涉及使用伪造的政府文件、政府与私人公司合作文件及本地私人公司文件，向汶莱银行申请贷款。 上述7人皆在国内安全法令（第133章）第3（1）（a）条文下被拘留。 汶莱国内安全局吁请民众若发现任何威胁汶莱和平与安全的事项，可拨打该局热线133或电邮至isd133@kdn.gov.bn投报。  ,nan,nan,nan
https://www.sinchew.com.my/content/content_2343261.html,砂专栏/ 吕惠蒂：砂沙州选焦点,地方,砂拉越,2020-09-16,05:30:00,  沙巴州上周六提名日反应空前热烈，有447人在73个选区上演大混战，多个地区都避免不了多角战。 这次的沙巴州选举成绩，被视为我国会否出现闪电大选，又或者国内整个政治局势重新洗牌的指标。 但是，在邻州的砂拉越更加关注这个“老邻居”的选情，主要原因是砂沙近年来本土意识崛起，而砂拉越州选举也快到了，经历2月23日突发“喜莱登政变”之后，国家政局重新洗牌， 如今风下之乡选情更波谲云诡，犀鸟之乡的行情又如何？ 先说2018沙巴州选掀起的“沙菲益效应”，让才成立的民兴党斩获多个议席，成了沙巴主导政权的政党。 这股沙菲益旋风让人回想起2016年的阿德南旋风在砂拉越激起的政治千层浪，如今已故砂首长阿德南的“我们要好好保护和治理砂拉越”的叮嘱言简意赅，但对砂拉越人民来说依旧印象深刻。 当年的阿德南旋风激起砂拉越子民的热烈回响和共鸣，让执政党在2016年的州选中战绩彪炳，但如今阿德南已不在，退出国阵重新“塑造品牌”的砂盟在州选中势必受到重大的考验。 而在本土政治意识继续发酵之下，沙巴州选所上演的多角混战，没有政党支持且扮演搅局角色的独立人士肯定是陪跑者，主要角力战仍以国阵与国盟和沙巴团结党组成“沙巴人民联盟”和民兴党+希盟为主。 沙巴选举最让人关注的不单单是选举成绩如何，还有选后是否会再次出现政治青蛙，不论是有政党背景的中选者或大混战中不小心当选的独立人士，在面临造王者诱惑下，欲投奔政党组织政府，会否被对青蛙深痛恶绝的政党否决，还是考量组织政府而收容“青蛙”呢？ 而在即将来临的砂拉越州选，来势汹汹打着本土政党旗号的砂全民团结党，会否藉此本土情操及以第3股势力姿态在砂拉越选举中异军突起，关键在于此次州选会否出现达雅政治海啸，以及能否吸纳到选民的情绪票，一切都是来届州选的焦点所在。 （星洲日报。砂拉越。评论。作者：吕惠蒂）  ,nan,nan,nan
https://www.sinchew.com.my/content/content_2343199.html,汶莱/ 强风吹倒 幸无伤亡．大树砸巴士 肇堵车,地方,砂拉越,2020-09-16,05:10:00,  （汶莱斯里巴加湾15日讯）大树被强风吹倒，砸中一辆公共巴士，路灯柱也被砸坏，所幸意外未造成人命伤亡。 事件于昨午三时许在摩拉甘榜达纳江布清真寺路段发生，阻碍道路通行。 消拯局接获投报后，派出消拯员到场进行清理工作。消拯员使用电锯锯断大树后移走。 警方接获通知后也到场指挥交通。 （更多详情请翻阅星洲日报）   ,nan,nan,nan
https://www.sinchew.com.my/content/content_2343279.html,南砂/ “彼此失去信任非好事”.阿邦佐忧种族两极化,地方,砂拉越,2020-09-16,05:00:00,   （古晋15日讯）砂首长拿督巴丁宜阿邦佐哈里忧心，我国未来最大挑战是面对种族两极化问题！ 他直言，若彼此间失去信任，那不是好事，这是因为信任是加强人们关系至关重要的关键。 “大马是多元种族组成的，所以，种族分化是我国即将面对的挑战。因此，我们必须缔造一个相互理解与彼此信任的氛围，而信任将是让我们团结的砥柱。” 阿邦佐哈里接受本地英文报《新砂论坛报》专访时强调，大家必须知道什么才是对我国至关重要的，再依据自身能力为国家做出贡献，以加强马来西亚的繁荣与团结。 故此，他说，今年马来西亚日主题为“爱心大马”，也意味着人们需关心及有责任照顾大家所拥有的人事物。 他希望马来西亚能成为受外界敬重的发达及团结国家。若要成为发达国家，那么我国经济也必须强劲，而数码设备将是新时代重要因素之一。 “下一步，我们也须开发及加强年轻一代才华。” 阿邦佐哈里坚信，马来西亚将成为团结及稳定的国家，而砂拉越也将是一个不论种族、宗教或信仰，都能让人民舒适生活的地方。    ,nan,nan,nan
https://www.sinchew.com.my/content/content_2343276.html,南砂/ 国州旗飘飘迎916,地方,砂拉越,2020-09-16,05:00:00,   邱美丝／报导 （古晋15日讯）国州旗帜随风飘扬，迎接916马来西亚日。 尽管仍处抗疫氛围，但不影响国人爱国情操，在校园、教堂、联邦与砂政府大厦挂起国州旗帜，欢庆马来西亚日。 古晋今年少有大型马来西亚日庆典装饰，校园、机构、商场及教堂仍可见到国州旗帜飘扬，传递国人爱国精神。 今年马来西亚日庆典在诗巫进行，主题为“关怀大马”（Malaysia Prihatin）。    ,nan,nan,nan
https://www.sinchew.com.my/content/content_2343259.html,砂专栏/ 钱甄玲：不叫人轻看你年轻,地方,砂拉越,2020-09-16,05:00:00,  社会普遍对年轻人的要求，不外乎是好好念书考取好成绩，努力工作赚钱，出人头地干出一番事业成就。年长的常言道，青年是社会的栋梁和希望，未来是属于年轻人的，青年可创造时代。言下之意，美好明天就靠年轻人去开创！年轻人因而担负起创造美好世代的责任？ 这世代需要年轻人在不同位置上站起来，在所爱国土、家园、世界角落也好，做世代中一股善的能量。气候变迁在世界各地引起混乱，年轻人挺身而出，积极行动并要求大人采取措施对抗气候变迁有更多作为。有这么一个“麻烦制造者”的年轻人，那就是受到全球瞩目的瑞典环保斗士葛蕾塔，她掀起全球的“周五为气候罢课“行动，以罢课的方式提倡关注气候变迁。如今，这位17岁少女已经成为在多数国家与超过7000座城镇都有人罢课响应的全球运动代表人物。 还记得那位研发了一种星形聚合物，能够“撕破”超级细菌的细胞壁，堪称超级细菌克星的大马女科学家蓝舒洁？她与科学研究团队的非凡新突破，让她获颁授“影响世界华人大奖”。研究对人类文明一直都有很大贡献，日常用品、药物、科技等都是经过科学家的多年努力才研发出来，她希望国人能够多了解和参与科学研究，也鼓励同在科研奋斗的学子们持之以恒，为社会福祉做出贡献。 再来，曾是我国最年轻部长的麻坡国会议员赛沙迪，欲成立以年轻人为主的跨种族政党，他的理想大志不被政坛老将看好还泼以冷水。不过这年轻政治新星，有“颠覆大马政治”的勇气，看见大马的政治版图是时候要做出改变。 赛沙迪有年轻世代的领袖观，他认为我国政治不能在沿用过去的路线，必须真正拥抱多元，与种族和宗教切割，才能创造一个全民的马来西亚。要生存，就必须进行完全的颠覆，打破传统和做出前所未有的举措。 我国政治摆脱不了种族与宗教的羁绊，赛沙迪摒弃种族宗教的政治结构，拥抱多元，创立跨种族青年政党，在操弄种族宗教的政治中却是一股清流。他还说了“政治是关乎良心，原则，不该是权力和金钱”。多一个这样宏观思维、有良知的政客，也许美丽的马来西亚不会被一些大头大脑的人搞得乌烟瘴气，乱七八糟。 是的，年轻人可带来影响力，年轻不会妨碍你前进做出变革，也不因为你年轻就要被轻看能力。 （星洲日报。砂拉越。情怀大地。作者：钱甄玲）  ,nan,nan,nan
https://www.sinchew.com.my/content/content_2343265.html,汶莱/ 警员掩至码头 3嫌登船逃．车藏156瓶私酒,地方,砂拉越,2020-09-16,04:30:00,   （汶莱斯里巴加湾15日讯）警方昨晚在淡武隆甘榜布达布达进行防范罪案巡逻时，起获156瓶酒精饮品。 淡武隆警区警员是于昨晚11时50分在甘榜布达布达下船地点，发现一辆停泊着的可疑车辆，并见到3人，其中2人正在卸货，另1人在船上。 警方迅速掩至该地点，惟3人察觉警员到来，迅速登船以水路窜逃而去。 警方在对停泊着的汶莱注册汽车进行搜查时，发现大批装在黑色袋中的私酒。 有关私酒和车辆被带到淡武隆警局，较后呈交关税局处理。    ,nan,nan,nan
https://www.sinchew.com.my/content/content_2343198.html,汶莱/ 国会大厦前 水管漏水．工程局抢修 需数日完工,地方,砂拉越,2020-09-16,04:25:00,（汶莱斯里巴加湾15日讯）公共工程局公布，乌达玛孟迪里路及国民路，即国会大厦前的主要水管因泥土移动缘故再度漏水，目前正在抢修。 尽管有关水管于本月10日已进行维修，惟环境因素再度漏水。 目前，水管正在抢修中，而稳定泥土工作也在进行，估计需时数日才可完工。 受影响地区包括甘榜双溪阿卡、伊斯兰宣扬中心、外国使节区和周遭地区。 （更多详情请翻阅星洲日报）  ,nan,nan,nan
https://www.sinchew.com.my/content/content_2343228.html,汶莱/ 假好心载人 唆使行窃．妇女偷鞋囚半年,地方,砂拉越,2020-09-16,03:35:00,（汶莱斯里巴加湾15日讯）本地妇女偷窃鞋子，被判监禁6个月。 被告哈斯丽娜（34岁）于9月5日在回家途中载送一名错过巴士的男子。 被告载送男子回家途中，经过诗里亚甘榜罗隆3号路时，发现一间住宅门前有一双鞋子，被告吩咐该名男子偷窃鞋子。 事后他们逃离现场，前往被告的房子。男子随后离开，被告将鞋子藏在床下。 第2天，受害者发现鞋子被偷，查看闭路电视后发现鞋子被偷的过程，于是向警方报案。  ,nan,nan,nan
https://www.sinchew.com.my/content/content_2343230.html,汶莱/ 詹玉甸詹道和姐弟创作 . My Inner Universe 26日发行,地方,砂拉越,2020-09-16,02:45:00,（汶莱斯里巴加湾15日讯）汶莱年轻姐弟詹玉甸（Eden）与詹道和（Evan）将于本月26日发行首张专辑〈My Inner Universe〉。 詹玉甸（19岁）与弟弟詹道和（17岁）的新专辑，收录两人自创的6首英文歌曲，即〈Goodbye〉、〈Identity〉、〈Fly〉、〈I said I〉、〈Who are You〉和〈Remember〉。 两人耗时18个月完成的首张专辑，反映他们少年人生的经历，叙述生活渐入新阶段，包含高中毕业前的想法和疑惑。 曲目从〈Goodbye〉（再见）开始，代表挥别过去，为自己创建新的〈Identity〉（身份），终于可以自由地〈Fly〉（飞行），自信地宣称〈I said I〉（我说我年轻，会克服），告诉世界〈Who are You〉（你是谁），也会〈Remember〉（记得）自己的根源和起步的原因。 （更多详情请翻阅星洲日报）   ,nan,nan,nan
https://www.sinchew.com.my/content/content_2343381.html,沙巴西海岸/ 阿兹敏批沙菲益政府无作为·“要发展就换政府“,地方,沙巴,2020-09-15,19:47:14,（亚庇15日讯）联邦国际贸易及工业部高级部长拿督斯里阿兹敏阿里今日批评以民兴党为首的联合州政府在过去2年执政时，没有为沙巴带来发展，才会导致州政权垮台。 他指出，若沙菲益真有诚意为沙巴特别是郊区带来发展，就不会发生薇薇奥娜为了更好的网络信号，爬树应考的事情。 “若沙菲益这么厉害，为何不把宽频和网络信号带入古达和必打士，薇薇奥娜就无需爬树应考。” “沙无外资因为沙菲益。” 阿兹敏今日在斗亚兰为土团党苏拉曼州席候选人拿督哈芝芝诺站台致词时，这么表示。  他也提及沙巴州之所以无法获得外资投资，主要是民兴党和沙菲益的缘故，并促请出席者若要让大批外资涌入沙巴投资，就应该换政府。  他说，砂拉越民众现在高兴了，因为联邦政府履行大马协议，给予他们石油税，若要沙巴更繁荣，就应该拒绝民兴党，支持国盟。 “外资投资须获得联邦政府的同意，负责管理的就在你们面前（阿兹敏），奖掖是联邦负责，就算是要提高石油税，也是需要联邦政府才能让国油同意的。”  他也挑战沙菲益前来苏拉曼州席与哈芝芝辩论，让选民来衡量他们两人的表现，到底谁才是沙巴的叛徒。  他在稍后也与哈芝芝接收多名前民兴党和公正党领袖的入党表格，并为他们带上国盟的帽子。 此外，同样在场的哈芝芝在较早前致词时，也斥责沙菲益玩弄沙巴人的情绪，指沙菲益所倡议的“沙巴人的沙巴”，事实上只是”仙本那人的沙巴“（Sabah For Semporna）。 他也宣布国盟的部分竞选宣言，包括推动沙巴的农业及渔业发展、旅游业经济、推动制造业，以及关注青年的培训及就业问题。   ,nan,nan,nan
https://www.sinchew.com.my/content/content_2343238.html,沙巴西海岸/ 冯晋哲促慕尤丁公佈·丽都路阳防洪何时动工？,地方,沙巴,2020-09-15,19:45:20, （亚庇15日讯）沙巴州选民主行动党路阳区候选人冯晋哲促请首相丹斯里慕尤丁明天到访和生园时，公佈丽都及路阳防洪计划工程的实行日期。 也是路阳区原任州议员的冯晋哲表示，为了解决丽都一带每逢下雨必定淹水的问题，希盟政府已经执行一项耗资7600万令吉的防洪计划，原本定于今年初公开招标，并于2022年完成。 后门政府上台胎死腹中 冯晋哲称，“后门政府”上台后，此项计划迟迟没有落实，他多次呼吁联邦政府加快脚步，经过沙巴水利灌溉局向全国水利灌溉局查询后的答复，竟然是该计划还在谈判中。 他指出，水患问题已经困扰了丽都一带的居民数十年，他的住家也多次受灾。昨晚发生水灾后，他不但亲自帮助居民清理住家，甚至调动一半竞选志工帮忙。 对于国盟进步党候选人余田雄批评他在防洪计划上“每次承诺都是失望收场”，他挑战余田雄若要服务选民，就向慕尤丁要求实行这项计划，宣布公开招标。 冯晋哲是今午在行动党候选人及议员联合新闻发布会上，这样表示。 也是沙巴州青年及体育部前任部长的冯晋哲透露，民兴党政府拟定的多项发展计划也因为被“青蛙政治”破坏而无法推行，包括他原本定于今年杪拨款500万令吉提升亚庇体育馆的计划。他称，如果民兴党政府再次获得人民委託，将会完善有关计划。 他也表示，目前在和生园进行的停车大楼兴建计划是由希盟政府批准，却是由国盟政府执行，因此他呼吁慕尤丁也到场视察工程的执行情况。 ,nan,nan,nan
https://www.sinchew.com.my/content/content_2343460.html,大北马/ 搭科技列车迎新常态‧新芭东海宫电子钱包筹款,地方,大北马,2020-09-15,23:37:00,"（北海15日讯）冠病疫情推动神庙搭上科技列车，北海新芭东海宫采用电子钱包筹款迎接新常态，昨日正式启动一触即通（ TOUCH N GO）电子钱包账号，截至今午12时已筹获688令吉建庙基金。 该宫建委会财政谢政毅今日受询时说，该庙原订在今年举办宴会筹款，奈何复元期行管令已延长至今年底，宴会已无法举办，筹款工作仍须持续展开。 “有鉴于此，建委会启动了电子钱包系统筹款，并透过社交媒体广传讯息，希望社会善长仁翁及善信们，能通过这项方式捐款给东海宫，助建庙工程早日落实。” 他说，目前建委会是通过该宫及友宫的微信和社交媒体传达上述讯息，欲通过上述方式捐款者，可扫描二维码（P.P DEWA TANG HAI,KG SIMPAH BWORTH SPU）捐款予该庙。 仍需50万内部装修 谢政毅指出，该宫的主体建设已在去年完成，目前仍需50万令吉的内部装修费，希望善信们给予支持。 “民众也能通过传统方式捐款，需收据者可联络建委会。” 他说，该宫原定在今年进行晋宫大典，碍于疫情所致，也必须押后。 他也将建议该宫重新开放后，让民众通过电子钱包乐捐香油钱。 欲捐款者可联络王庭辉 012-442 3988或谢政毅 012-448 0282。 ",nan,nan,nan
https://www.sinchew.com.my/content/content_2343428.html,大北马/ 哥打士打县严防社区感染·只限APM/RELA发援助品,地方,大北马,2020-09-15,21:49:08," 报道／黄荣文 （亚罗士打15日讯）为免重演阿曼再也美罗区解除行管前又爆发多宗冠病感染问题，哥打士打县天灾行动中心严格制定颁发援助品制度，仅授权民防部队(APM)和志愿警卫团（RELA）执行这方面的任务。 设在苏卡默南迪路的哥打士打县土地及矿物局，配合行政式加强行管令而成立的哥打士打天灾行动中心，已正式开始运作。 行动中心由哥打士打县长莫哈末阿斯里亲自主导，他今日在县土地局办事处主持会议统筹援助方案，工作人员也已开始整理受惠者名单，过后将传给设立在安南武吉州民防部队大厦礼堂的县社会福利局行动室人员。 较后，民防队员和志愿警卫局将根据名单，运载食物类援助品到县内各区，会直接移交给面对食物中断问题的弱势群体、贫老、单亲或工作不稳定的日薪者。 2行政议员巡视2行动中心 吉州2名行政议员，即州地方政府事务委员会主席拿督莫哈末哈耶迪及新闻事务委员会主席旺罗马尼今午也巡视了这2个行动中心，以了解援助工作。 莫哈末哈耶迪受询时说，县天灾行动中心的人员各司其职，但是州政府希望能够作到“精准扶贫”，因此需要通过村长或地方领袖，帮忙找出真正有需要食物供应的行管区居民。 他说，哥打士打县内到处都有杂货店，其他基本服务商店都有营业，而多数人都受薪，一家之主也获准外出，因此只有少部份居民因断粮而需要社会福利局帮助。 “若有电话可以直接拨电联络行动中心，若没有住家电话或手机，我们有村长或其他地方领袖可以代为传达。” 款项是否够帮全县居民?
百万拨款引起媒体热议 吉打州政府已宣布拨款100万令吉援助受影响的哥打士打县居民，但被质疑款项是否足够帮助全县36万6787个居民，特别是引起社交媒体热议。 州务大臣莫哈末沙努西今日亲自发文告解释，上述100万令吉是初步拨款，若有需要州政府再补充。 他也澄清，拨款是州政府支出，非联邦政府拨款，与之前3至5月期间一样作法，用以帮忙受哥打士打加强行管令影响的有需要人民。 “州政府目前的财力有限，有关拨款是要帮助真正有需要的居民，而不是全县36万6787人。” 他说，有关拨款分为数个部份，即涵盖5600名领取社会福利局定期援助金人士、400名领取伊斯兰义捐局（Zakat）及达鲁阿曼母亲关怀计划（KIDA）援助金人士。这些尚未包括其他因加强行管而断炊者。 “此外，各地清真寺也有食物库（Food Bank），准备供应食物和必需品予地方上的居民。” 哥打士打与其他地区措施有异 他强调，哥打士打的加强行管与其他地区的措施有差异，因为这里是城市和市郊，基本服务商店如食肆获准营业，各处都有银行服务如提款机，因此不太可能会如那坡和孟格里哇的针对性加强行管（TEMCO），或者阿曼再也的加强行管（EMCO）区内人民断炊问题。 他说，受影响群体包括小贩商、路边小贩或工作不稳定者，而这些都是州政府瞄准会提供帮助的社会群体。 “在哥打士打，大部份居民都是有基本薪资的公务员或私人界雇员，这些人都没有被列为因加强行管而导致食物供应中断的群体名单。” 无论如何，哥打士打县居民若是面对食物中断问题，可以拨电（04 -702 8070）联络哥打士打县天灾行动中心（PKOB）求援。 大臣也呼吁吉打州人民，特别是哥打士打县、双溪大年阿曼再的美罗区人民，遵循防疫标准作业程序（SOP），以协助阻断冠病病毒传播。 各单位联手加强行管 对付违例商民 哥打士打军警、亚罗士打市政厅、哥打士打县卫生局及新闻局联手加强行管行动，对付违例的商家和民众。 根据哥打士打警方在脸书专页通知，警方于本月11日至14日的行动中，共发出62张罚单及逮捕2名违例者。 “今日另有2名罗兴亚男子（30余岁）因共乘摩托车外出，在象屿山路被捕。他们将在刑事法典第270条文（可能散播传染任何危及性命至疾病之疏忽行动）及传染病防范及控制条例10条文下被调查。” 警方促请民众于加强行管期间，非必要不要外出，留守在家共同防范冠病蔓延。 卫生单位为10高风险区筛检 此外，卫生单位已为哥打士打县内，10个高风险区（Mukim）的约1万5000人进行冠病筛检。 那些地区是：吉打港口、滂滂、亚罗美拉、亚罗玛莱、德卡、万家均乐、哥打士打区、笼呀、知知牙也及默贡。 据观察，大部份米都市民都遵循防疫措施，除了外出购买必需品等必要事务，大家都留在家里。 基本服务商店如超市和便利商店都有营业，不过因食肆只能提供外带或送餐服务，一些餐馆选择暂时休业。 市区道路的交通也非常顺畅，汽车和摩托车不多，巴士有川行，但服务班次不多。    ",nan,nan,nan
https://www.sinchew.com.my/content/content_2343387.html,大北马/ 章瑛：掌管事务虽调整·槟政府不忽视妇女等事务,地方,大北马,2020-09-15,21:39:28,（槟城15日讯）由槟州行政议员章瑛掌管的妇女家庭与社会发展、性别包容和非伊斯兰宗教事务，经调整后已改为“社会发展、非伊斯兰”事务，但她强调，政府不会因此而忽视妇女和性平事务。 她说，上述调整让有些人担忧妇女和性平事务会受到影响，但她保证槟州妇女发展机构（PWDC）将继续贯彻妇女方面的政策，明年起还会增设新单位，专门负责家庭与孩子，以及学前教育托儿所事务。 她昨日与双溪槟榔区州议员林秀琴和光大区州议员郑来兴拜访温馨苑时，感谢该组织多年来为社会发展、家庭和个人生命方面做出的贡献。 章瑛坦言，一些原属政府和福利部工作的不足之处，有赖非政府组织辅助。对政府而言，与其设立新机构来应对社会发展，不如跟具备经验的非政府组织合作，协助政府执行相关工作。 华运栋：心灵受伤无去处 心灵医院助人走出困难 温馨苑创办人华运栋说，人的身体受伤了，可到医院看病，但很多人心灵受伤了却无去处。 “本组织32年前成立，成了心灵医院，提供咨询、辅导和律师等免费服务，助人走出困难。” 他说，行管期间该组织几乎零收入，感谢郑来兴和章瑛给予拨款，并希望未来能继续获得州政府的支持。 温馨苑首席执行员陈惠玉说，10月1日起该组织的辅导协谈热线（04-210 9923或04-210 9925）将全天开放（公假除外），时间是上午10时至下午5时（中午1时至2时午休）。 “每个月的第二个周六上午10时至中午1时，我们也提供法律咨询服务，帮助在婚姻法律方面等有疑问者。” ,nan,nan,nan
https://www.sinchew.com.my/content/content_2343330.html,大北马/ Ambangan Heights国小复课‧首日仅20学生返校,地方,大北马,2020-09-15,21:33:28,（双溪大年15日讯）之前爆发打活冠病感染群，8名学生染疫的Ambangan Heights国小，在关闭24天后今天首日复课时，只有极少数，即约20名学生返校上课。 该校是瓜拉姆拉县其中一所大型学校，有逾千名学生。学生分上下午班制上课，上午班为学前教育班、以及三至六年级，下午班是一二年级。 较早时，该校一名在私人医院工作的学生家长，因接触打活感染群“零号”确诊者而染疫，其6岁学前教育班孩子之后也确诊冠病。该校前后合计8名确诊者当中，有2人是医护员的孩子。 家长须为学生准备早餐 该校原先被教育局指示于8月22日关闭至9月1日，以让卫生局到学校全面进行消毒工作，以安排全校师生进行冠病检测，后来因为Ambangan Heights国小位于格南卡（Kenanga）加强行管区，被逼延长关校。 直到该区昨日凌晨解封后，教育局也指示该校今日复课。 学校在复课前发通告给学生家长，要求家长为学生准备早餐，以及确保孩子在进入学校前必须戴好口罩；至于那些获提供免费早餐的学生，校方会继续为他们准备早餐。校方也促请学生，以及家长们作好防疫措施。   ,nan,nan,nan
https://www.sinchew.com.my/content/content_2343329.html,大北马/ 槟城电子游戏锦标赛‧即日起接受报名,地方,大北马,2020-09-15,21:23:22,（槟城15日讯）2020年槟城手机游戏锦标赛即日起免费接受报名，截止日期为两天赛期前一天即10月9日，或预定128支5人队伍（至少1名槟城人）的640名参赛者额满为止。 比赛完全通过线上进行，共有2个项目，即《王者荣耀》和《Mobile Legends：Bang Bang》，各项冠军现金奖为2000令吉、亚军1500令吉、季军1000令吉及第四名为500令吉。 槟州青年及体育事务委员会主席孙意志今早与比赛主办单位槟州青年发展机构的总经理魏鉝玲，以及协办单位Ancient Galaxy私人有限公司及Estadiums市场私人有限公司董事拿督郑福添、陈恩泽和孙南山与竞赛策划人沈熙恩召开新闻发布会。 孙意志说，电子运动（e-sport）风行全球，发展电子运动可协助发展槟州经济，同时可以提供槟民更多就业机会。  ,nan,nan,nan
https://www.sinchew.com.my/content/content_2343322.html,大北马/ 父子与少年控滥用毒品·不认罪保外候审,地方,大北马,2020-09-15,21:40:16,（加央15日讯）43和16岁的父子，以及另一名16岁少年涉毒品案被警方逮捕，警方还在等待毒品化验报告，而玻州检察署指示今天援引滥用毒品罪名提控3人。 被告阿诺、16岁儿子及儿子同龄朋友，被控于2020年9月2日早上6时30分，在巴东勿刹警区毒品罪案调查组办公室内，被发现滥用毒品即甲基安非他命（Methamphetamine），触犯1952年危险毒品法令第15（1）（a）条文，若罪成可在同一法令第15条文下被判刑，即罚款不超过5000令吉，或监禁不超过2年。 由于2名16岁被告未成年，加央推事卡玛丽札指示法庭清场后，才进行提控程序。他俩分别由1名监护人陪同面控。 3名被告皆不认罪，主控官傅肄婷副检察司同意让被告们保外候审。 被告的辩护律师多莉娜向卡玛丽札表达不满，指警方日前召开新闻发布会时，指控其当事人涉嫌藏毒、贩毒罪行，而有媒体大篇幅报道，引起全国各界关注，对其当事人及家属造成极大困扰。 “然而，今天控方却在未说明原因的情况之下，没援引1952年危险毒品法令第39B条文提控我的当事人，只控滥用毒品，我不明白也不满警方的做法和用意，他们的做法对我的客户极不公平。” 卡玛丽札随后批准阿诺以2000令吉保外，2名未成年被告则分别以800令吉保外候审，案展10月16日过堂。 新闻背景：玻今年最大毒品案 玻璃市州总警长拿督苏丽娜于3日召开新闻发布会，指警方分别于2日午夜12时15分及凌晨2时45分，在巴东勿刹灵巴马斯垦殖民区一间住家，先后逮捕2名16岁辍学少年，以及43岁无业屋主。 警方在屋内搜出总值658万令吉的126公斤冰毒（630万令吉）及100公斤大麻砖（28万令吉）。那是玻州警方今年内破获的最大宗毒品案。  ,nan,nan,nan
https://www.sinchew.com.my/content/content_2343350.html,关注东海岸/ 胡智云：多元文化社会·团结一致 国家才能发展,地方,东海岸,2020-09-15,20:48:03,（文德甲15日讯）文德甲区州议员胡智云指出，马来西亚是一个多元社会国家，各民族多年来通过互相包容彼此的宗教、信仰和文化差异，才能和谐共处，携手走向未来。 他说，马来西亚独立至今已经63年，希望各族人民能够继续和睦共处，发挥团结一致的精神，国家社会才能和谐发展，迈向更美好的未来。 “我国是一个多元种族、多元文化的国家，各民族虽然拥有彼此不同文化、宗教、信仰，我们需要互相包容及谅解彼此文化上的差异，才能和平共处。” 他也呼吁年轻一辈们，可以多去了解我国是如何独立的历史和过程。 他是日前出席文德甲退休警察协会，配合我国独立63周年暨马来西亚成立日而举行的节目活动上，这么表示。   ,nan,nan,nan
https://www.sinchew.com.my/content/content_2343348.html,关注东海岸/ 许江财手血管柱塞无法工作·关丹慈善家捐1万医费,地方,东海岸,2020-09-15,20:46:20,（关丹14日讯）关丹慈善家捐助1万令吉义款予右手血管柱塞的许江财，作为医疗费。 该会主席拿督蔡永祥今日率领理事前往许江财住家，并将善款移交给许江财。 他说，有民众向该组织推荐，协助许江财的现况。理事在进行家访后，决定拨出1万令吉，作为许江财的手术费。 他说，居住在灿丽园的许江财（72岁，退休），与59岁的妻子宋春好及28岁的智障儿子许峰鸣，同住屋檐下。 “许江财目前只能依靠政府每月发放的350令吉援助金，及其儿子250令吉的智障援助金过活。许江财偶尔会拾纸皮及烂铁变卖，仅赚约200令吉，惟现在右手血管柱塞，及在外受感染而暂停。” 他希望这笔善款协助许江财尽快做手术及早日康复。 ,nan,nan,nan
https://www.sinchew.com.my/content/content_2343341.html,关注东海岸/ 双溪甲杯伐木 忧水源污染·柏朗埃希盟3党促安南负责,地方,东海岸,2020-09-15,20:44:13,（文冬15日讯）双溪甲杯森林被砍伐，居民担心水源受到污染，影响当地水供，向人民代议士求助。 受影响的柏朗埃区希盟3党今日在行动党文冬国会议员黄德办事处召开新闻发布会，要求该区巫统州议员拿督斯里安南耶谷负起全责，否则就引咎辞职。 他们批评安南耶谷身为该区州议员35年，却鲜少回去选区，而他在2016年时任彭亨州务大臣时，已下令停止双溪甲杯的森林伐木活动，为何如今当地又重现伐木，破坏水源和污染饮用水。 柏朗埃希盟3党分别有诚信党的诺海姗、公正党阿丹及行动党的许国宝。这项由黄德召集的新闻发布会出席者，也包括行动党美律州议员李政贤及柏朗埃区居民代表。 黄德：森林是地里望河上游 黄德认为保护环境与珍惜河流是所有人的责任，任何人都不应为了个人的利益，而牺牲掉大部分人尤其是子孙饮用干净水的权利。 他说，根据他从希盟3党的投诉了解，双溪甲杯森林是地里望河的上游，它提供该区17个华人新村、马来甘榜与原住民村落共5万居民每天的饮用水，若逾2000亩的森林分四阶段被砍伐，地里望上游积水区将消失，河流不仅干涸，食水也被污染，迫使双溪甲杯抽水站滤水系统增加负担。 他认为这不是一个政治课题，而是关系柏朗埃区70%居民的食水问题，他呼吁环境及水务部长拿督依布拉欣亲至双溪甲杯了解伐木所带来的河水污染问题。 他说，国盟政府时常谈论环境问题，却往往讲一套做一套，令人失望。因此，他要彭亨州政府立刻停止双溪甲杯的伐木活动，以落实照顾环境生态的承诺。他会在国会反映这项问题。 阿丹也揭露政府早前在柏朗埃的金马梳批准砍伐2000亩森林作为人民福利计划，但过后却搁置该片土地。出席的一名居民代表也呼吁政府提供该森林的伐木者名单。 ,nan,nan,nan
https://www.sinchew.com.my/content/content_2343338.html,社团特区/ 彭福州十邑会馆·新厦打桩 不敷120万,地方,东海岸,2020-09-15,20:37:17,（关丹15日讯）耗资200万令吉的彭亨福州十邑会馆新大厦计划目前已经筹获80万令吉左右，尚不敷120万令吉，希望会员同乡及热心人士大力支持，玉成斯举。 该大厦上星期六举行打桩仪式，如火如荼展开兴建工程，彭亨福州十邑会馆永久名誉会长拿督王则草、拿督斯里周良、执行顾问林世庚、周国政、名誉顾问黄道坚、会长夏福利、青年团团长王程利、妇女组主任刘敏玲与理事出席观礼。 夏福利说，这座三层楼高，位于关丹甘榜登雅的新大厦预料一年后竣工，届时会员们将拥有宽敞舒适的空间举办各种活动。 他也劝请大家在复苏行管令期间遵守标准作业程序，做好冠病防范工作，确保自己及家人的安全。 ,nan,nan,nan
https://www.sinchew.com.my/content/content_2343337.html,关注东海岸/ 文德甲联增大制水·商家儲水 做足準備,地方,东海岸,2020-09-15,20:34:25,（文德甲15日讯）文德甲和联增多个地区今天大制水，文德甲商家昨日在接获制水通知后，纷纷储水备用，提早做好应对准备。彭亨水务管理公司昨日发文告说，由于国能公司在泵水房进行维修工程，导致文德甲和联增多个地区水供将在早上（15日）10时至晚上10时中断，共有1万1500用户受影响，并促请受影响的商民储水备用。 文德甲多个住宅区于早上10时陆续开始制水，不过截至中午12时市区多条街道的商店水供仍正常，大部分饮食店也正常开业。 不过，大部分商家为避免陷入水荒的窘境，纷纷提早储水备用。 陈耀鹏：已习惯水供常中断 源珍茶餐室业者陈耀鹏说，文德甲频频制水的情况日趋严重，只要某处地下水管爆裂，多个地区的水供就会受影响中断，大家已司空见惯。 “为了避免影响作业，我每天都会储水备用，预防万一。由于昨天已获悉今天将制水，所以今天储存更多的水备用，不过截止上午11时，水供正常。” 孟卡胜：储水足够一天用量 洗车中心员工孟卡胜说，其雇主昨天获悉制水消息后，立即吩咐他们储水备用，以确保今天有足够的水可用。 “由于今天星期一不是洗车旺日，送来洗车的车辆不多，所以现有的水源足以应付一天的用水量。 “如果制水时间延长至明天，那么我们就会面对水源不足问题，在逼不得已的情况下惟有被逼休业一天。”     ,nan,nan,nan
https://www.sinchew.com.my/content/content_2343334.html,关注东海岸/ 沙里布丁：联邦政府拨款·丹获1000万提升稻田设施,地方,东海岸,2020-09-15,20:15:31,（巴西富地15日讯）丹州行政议员莫哈末沙里布丁披露，联邦政府拨款1000万令吉，专门用于提升丹州郊区稻田基础设施，有望提高丹州的稻米产量。 掌管农业事务的他指出，丹州近期将获得这笔拨款，以加强基本设施，包括建造泵房及提升稻田水利灌溉的装置。他相信，有关设备的提升，有助农民把原本每公顷4至5公吨的稻米的产量，提高到每公顷6至7公吨。 料年杪展开工程 “这项提升基本设施的工程预计今年杪展开，由丹州水利灌溉局负责实施，涉及的大部分工程以马樟县和巴西富地县的粮仓为主。” 莫哈末沙里布丁也是格姆布农业发展局的一员，他昨日为武吉爪哇农民公会常年大会上，向媒体发表谈话。 他指出，这些年，不少稻田区被转换为商业用途或用于房屋建设，导致现有的稻区面积逐渐缩小，无形中影响收成。 “上述提升工程，将确保稻田有足够的用水，这有助格姆布农业发展局把每年一次的种植期，增至每年2次，这也意味着稻米产量会随之增加，并提高农民的经济和生活水平。” ,nan,nan,nan
https://www.sinchew.com.my/content/content_2343318.html,关注东海岸/ “重启东铁C区路线乃政治伎俩”·黄德: 雪政府未批地,地方,东海岸,2020-09-15,20:10:48,（文冬15日讯）内阁准备重启东海岸铁路计划（ECRL）原有C区即文冬、鹅唛、双文丹至巴生港口的路线，行动党文冬区国会议员黄德反讥这是国盟政府的政治伎俩，因为至今雪州政府仍未批准经过鹅唛的“冷闸石英脊”，因此全长18公里穿越蒂蒂旺沙山脉的隧道要如何建造？ 武吉丁宜应建隧道纾缓交通 他说，若在现有加叻大道的武吉丁宜建造5公里的地下隧道，以取代现有的隧道，或更加有效纾缓车辆在斜坡的拥挤。 黄德今早在其办事处受媒体询问有关国盟政府有意重启东铁国阵C区路线包括文冬站的问题时，作出回应。 他认为，文冬缺乏重型工业，无需建造以物流为主的东铁停靠站。过去希盟政府把C区路线定在彭森边界，虽然没有停靠站，但有助强化彭亨境内柏朗埃区的工业发展，因为那里有大片的平原土地。 他促请工程部尽快拨款兴建由文冬市郊至柏朗埃的53公里第六期中枢大道工程，打开文冬南部窗口，提升文冬经贸发展。 行动党美律区州议员李政贤揭露，雪州务大臣刚在上月宣布至今雪州政府仍未批准开放“冷闸石英脊”及蒂蒂旺沙山脉建造隧道，因此任何指恢复东铁原有C区路线都不可信。再者，若要重启旧路线，在目前国家经济陷困时刻，所增加的成本与营运开销要如何应付，政府至今没有作出交待。    ,nan,nan,nan
https://www.sinchew.com.my/content/content_2343317.html,关注东海岸/ 消拯局出动直升机·送粮食给受困原住民,地方,东海岸,2020-09-15,20:08:20,（话望生15日讯）大马消拯局今早出动直升机派送2500公斤的粮食给169户谷村落（Pos Gob）的原住民，这些原住民因山洪日前受困山中。 雪邦消拯局空中单位公关主任莫哈末法汉指出，该局是接获原住民发展局（JAKOA）求助而展开此次援助行动。直升机是于早上9时雪邦飞抵话望生消拯局，再于上该10时45分载送粮食前往原住民村落，包括白米、白糖、面粉和牛奶等罐头食品。   他指出，谷村落距离话望生市区约70公里，住有169户人家，约500人。 他说，山里周六突然爆发山洪，村民们必须躲到附近的山顶保命，加上之后山路泥泞，因此导致交通和粮食中断。 另一方面，能吉里州议员阿都阿兹今日也亲自前往山林派发食物给当地原住民。 “一些原住民可能走得急忙，没有带够食物，挨饿了。奈何陆路交通中断，所以此前我们未能及时把食物送到原住民手中。” ,nan,nan,nan
https://www.sinchew.com.my/content/content_2343316.html,关注东海岸/ 丹警总部·获20巡逻车10罗里,地方,东海岸,2020-09-15,20:06:19,（哥打峇鲁15日讯）全国防范罪案与社区安全组总监拿督再纳阿比丁希望警方在全国配置的本田思域巡逻车，能够提高巡逻车队的工作表现，并达到关键绩效指标（KPI）。  他今日在哥打峇鲁见证吉兰丹州警察总部接领20辆簇新本田思域巡逻车及10辆罗里仪式上，这么表示。 他指出，上述巡逻车具备科技装备，包括影像摄录装置，作为打击罪案用途，同时也可以确保警员更诚信及更有责任感的履行职责。 这些簇新的巡逻车及罗里，是由内政部秘书长（行政）拿督旺阿末达兰移交，由丹州总警长沙菲恩接领。 他希望这些新款的巡逻车可以充份的发挥用途，并成为移动的讯息中心(MIC)和数据库(MBB)，甚至在天灾或涉及公共安全的事故发生时，作为临时控制中心(PKTK)。  ,nan,nan,nan
https://www.sinchew.com.my/content/content_2343077.html,焦点/ 【9.16重温历史】从战后到马来西亚成立（一）,副刊,专题,2020-09-16,08:10:00," 文：廖文辉（马来西亚史研究学者）
图：马新社、本报资料室 日本投降后，马新曾出现两星期的权力真空，这时主要由人民抗日军接管，并维持秩序。期间抗日军曾采取行动对付投敌者，加上日军于撤退前夕煽动种族问题，因此抗日军过激的行动，遭致华巫间的误会，引发冲突，尤其在峇株巴辖、麻坡和霹雳的双溪玛尼都发生较为严重的冲突事件。1945年9月5日，英军重返马来亚，即刻成立临时的军事政府，除了维持秩序，也将治权收回，接管各地的人民委员会，抗日军也于12月解散并缴械。1946年4月1日临时军政府解散，由马来亚联邦取而代之。 马来亚联邦计划 1941年8月，英美两国签订《大西洋宪章》，宣布8项条款，其中尊重各国人民选择其政府形式的权利一条，成为往后各国独立自主的依据。英殖民政府深知，让其殖民国家独立自治，将无可避免。1944年7月，殖民部成立一小组准备了马来亚联邦计划的宪法，其原则必须确保英国在远东的经济和政治利益不受影响。1945年10月，英国特派大臣麦迈克（Harold MacMichael）受委为英方特使，负责游说各州统治者签署马来亚联邦的协议，取得各邦的管治权。 1946年1月，英国政府正式发表成立马来亚联邦的白皮书，建议实行马新分治的新政府。4月1日，马来亚联邦成立，统合战前各自为政的海峡殖民地、马来联邦和马来属邦，建立中央政府，以便统一政治，顺畅行政体系和减低管理成本，同时发展经济，进而巩固其在马来亚的殖民统治。大多数人皆认为马来亚联邦计划是英国为马来亚自治的准备工作，事实上这个在日据时代即已在英国本土讨论的计划，不过是英国为剥夺苏丹主权，重新占领马来亚的借口。 在这计划下，有3项重要的改革。首先在政治结构上，9个马来土邦、槟城和马六甲合组成一个中央政府，由于新加坡的经济发展、种族结构和战略地位，有必要将之分开管理，故此新加坡单独成为皇家殖民地，由英国直接管理。其次是组织结构，为统一各邦的行政与发展，各州苏丹必须将主权移交给马来亚联邦总督，同时削减州议会权力，苏丹的地位保持，但只有处理宗教和习俗事务的大权，所有立法不须经过苏丹认可，至于行政中心则设在吉隆坡。其三是公民权问题，实行出生地主义公民权，马来人自动成为公民，非马来人须符合3个条件方可成为公民，即至少18岁并在1942年2月15日起的15年内在马新居住达10年、马来亚联邦成立前出世并定居者、在马来亚联邦成立或之后出生于马新以外，而其父为马来亚联邦公民者。 马来亚联邦计划的提出，经《论坛》和《马来前锋报》的报道和分析后，马来民族不安和不满的情绪逐渐发酵，这是因为麦迈克在游说时曾威胁如果苏丹不签字，将以英人委派的新苏丹取代他们，马来人认为苏丹是在压力下签署，麦迈克的诱骗手段令巫人极为愤怒，更何况英国没有和巫人谈商，苏丹也没有机会和州议会讨论，苏丹的签署巫人毫不知情。苏丹丧失政权，马来亚将成为殖民地，无疑也引起马来社会的忧虑。此外，当时华巫人口数量相近，如果非巫人可以轻易取得公民权，和巫人平起平坐，享有同样权力，甚至更进一步，马来民族可能在政治和经济上受华人的支配，如此将威胁巫人的特权和地位，加剧马来民族的危机感。实际上，公民权政策的制定是要加强对华社的控制，切断华人与中国的关系，削弱中国对马来亚华社的影响，并将华社的政治抱负和政治能量引导向马来亚的政治领域。更何况公民权计划中包含太多不平等、容易引发族群冲突的内容，是民族融合的障碍，而非施惠于华人。 此外，这些报章也呼吁巫人团结召开大会抗议，成立全国性政党以维护巫人特权，马来民族主义前所未有地高涨。不久后，柔佛的翁．渣化（也称拿督翁）建议召开大会团结马来人。3月1日，41个团体共115位代表齐聚吉隆坡召开大会，成立全马来亚马来民族大会，会中一致推举翁．渣化为主席。 3月4日，全马马来民族大会发电给英国首相，促请取消马来亚联邦计划。但是英国一意孤行，决定在4月1日公布马来亚联邦计划。为此，全马马来民族大会在3月29、30日于吉隆坡召开紧急会议，议决采取如下手段抵制马来亚联邦计划，即要求巫人不理会这项公布、杯葛4月1日总督就职礼、统治者也受促不出席总督就职礼、从4月1日开始连续3天在手臂缠上黑布及在宋谷缠上白布以示抗议、各州议会马来议员必须杯葛有关议会。此外，一批曾服务于马新的英殖民官员如瑞天咸、麦司威尔、温斯德和斯密思（C.C.Smith）也加入抗议行列，纷纷在伦敦的《泰晤士报》撰文抗议，向英国施压，认为英国在1927年公开主张巫人优先的原则时并没有遭到非巫人反对，再者华印主要是移入者，流动性大，很少要求参与政府。惟其如此，英国仍然在4月1日实行此计划，任命爱德华．仁特（Edward Gent）为首任总督，但没有任何一位马来统治者或联邦议会和州议会的议员出席观礼。 1946年5月11日，全马马来民族大会在新山召开第三次会议，议决成立一个政党，称“马来民族统一机构”（简称巫统），推举拿督翁为主席， 同时解散民族大会。会上提出“马来人万岁”（Hidup Melayu）的口号来团结及凝聚马来人，并电报英国首相重估马来人的抗议，同时招待两位英国国会议员珈玛斯（L.O.Gammas）和威廉斯（Rees Williams）亲睹巫人的抗议活动。巫统也巡回全国多处召开群众大会，除了获得马来社会群众支持，也得到马来统治者的广泛支持，这可谓是马来统治者与马来民族第一次紧密携手合作政治抗争。 马来亚联邦计划虽激起马来社会群情汹涌，但华印社群则显得极为冷淡，华社主要是向政府和社会呼吁保留华人的身分，实行双重国籍制，并没有针对新的政治结构与公民权等重要课题深入研究。这时只有多元民族色彩的马来亚民主同盟（The Malayan Democratic Union）表示在新加坡并入马来亚联邦的前提下，才接受新的体制。 马来亚联合邦协定 马来亚联邦计划所激起的马来社会广泛抗议浪潮，使英国不得不重新思考，如果没有马来社会的支持，英殖民政府是无法有效行使其统治。此外，英殖民政府更为担心马共和激进马来人趁机制造叛乱，因此希望通过争取马来人的谅解与合作，来削减马共的政治影响力，消除马来民主左翼政党的势力。衡量局势发展，最后英人只好放软身段，同马来统治者以及巫统面晤，并于1946年7月成立工委会，由4位苏丹、两位巫统代表和6位英国高级官员组成，麦唐纳（Malcolm MacDonald）担任委员会主席，以修撰一部可令巫人接受之宪法。12月，工委会发表报告，主要建议有： （1）成立马来亚中央政府，维持各邦的个别性，给予效忠马来亚的人民公民权； （2）马来亚联合邦受英国保护，包括9个邦和槟城、马六甲； （3）联邦中央政府包括高级专员、协助和备供高级专员咨询的联邦行政委员会，以及联邦立法委员会； （4）取得公民权的资格为：在马来亚联邦出生，过去15年连续在马来亚联邦居住满10年；或者是移民，过去20年连续在马来亚联邦居住满15年。此外，还须有良好品行、懂得马来语和英语、声明有长久居住之意，以马来亚为其故乡，并效忠之。 马来亚联合邦计划为大多数马来人所接受，但非马来人及左翼马来人则强烈反对。在陈祯禄领导下，于1946年12月14日在新加坡成立“泛马联合行动委员会”（Pan-Malayan Council of Joint Action），亦称为“全马联合行动委员会”（All-Malayan Council of Joint Action），主张： （1）成立一个包含新加坡的联合政府； （2）透过民选的立法机关实施自治； （3）维护苏丹的自主权； （4）各族群应拥有平等的公民权，并要求在上述原则的基础上草拟新宪法。 与此同时，一些不满巫统独揽领导权的马来左翼政党，共同组成“人民力量中心”（Pusat Tenaga Rakyat）。由布哈奴汀和依萨．莫哈默领导，要求马来亚人民拥有更大的外交和国防权力，建议马来语为马来半岛的官方语文、马来亚的国名称为“巫来由”并以红白两色为马来亚国旗颜色。 1946年12月23日，英国公布《马来亚联合邦蓝皮书》。1947年1月，“全马联合行动委员会”和“人民力量中心”结盟，发动反联合邦运动，获得了马来亚中华商会联合会的支持。这一联合阵线也在3月推出《人民宪法》，这是第一次以全民的观点提出的方案，认定马来亚是一个多元种族的国家，所有效忠马来亚的人士都应享有平等的公民地位和权益。它也要求建立一个充分自治与统一的马来亚，设置一个民选的联合邦立法议会和内阁。《人民宪法》的主要内容有： （1）成立包括新加坡在内的马来亚联合邦； （2）推行公民权制度，国民称为“巫来由”； （3）根据出生地原则（Jus Soli），凡在马来半岛诞生者都是公民； （4）宪法下所有国民都是平等的； （5）以马来语为马来亚联合邦的官方语文； （6）推行君主立宪制； （7）伊斯兰教和马来风俗由马来人全权管理； （8）马来民族的发展必须受到特别关注。 最终英方不接受，认为其中有共党因素，部分要求也显得激进。 1947年7月，工委会经过一年多讨论，公布马来亚联合邦宪法，虽说这是个令英殖民政府和马来民族都满意的安排，却无视于《人民宪法》的建议。故此陈祯禄在8月17日召开了一场由马来亚中华商会联合会，以及各商业团体和社团组成的大型会议，组成联合阵线，议决在10月20日于马新发动全国罢市行动。全国罢市虽然取得显著成果，瘫痪了马来亚的商业经济，然而，其巨大的经济破坏力却令英国有所忌惮，以致与巫统更加紧密合作，拒绝在政治上任何妥协。当“马来亚联合邦”宣布时，陈祯禄本拟发动第二波的罢市行动，由于没有得到任何响应而功败垂成。 1948年2月1日，英国宣布成立“马来亚联合邦”，由9个马来州属、槟城及马六甲所组成，新加坡仍为皇家殖民地。英国钦差大臣是英皇的代表，也是中央政府的最高行政首长，下设联合邦行政议会和联合邦立法议会。立法议会由25位正式和50位非正式会员组成，各州的马来统治者拥有自己的主权，他们共同组成马来统治者会议，讨论国家课题，向钦差大臣提供意见。然而钦差大臣是联合邦立法议会的主席，对议会提出的法令草案拥有否决权。马来人特权也在马来亚联合邦宪法下获得明文保障。在新的政体下，非马来人的公民权资格相对严格，申请者有如下限制：必须是马来土邦苏丹的子弟；必须是在槟甲出生的英国子民并在马居住15年；任何人在马新出生，其父母在马新出身或居住15年者；在马新出生并在12年中最少有8年居住马新或20年中至少15年在此居住者；申请时要宣誓效忠，懂得巫、英语者。非本地出生的华印居民如果曾经在本邦连续居住15年者，将可通过口试等手续申请公民权。据估计，在1948年的500万总人口中，有300万成为马来亚联合邦公民。  （本文摘自廖文辉编著、马文化出版的《马来西亚史》，台湾版《马来西亚：多元共生的赤道国度》由联经出版。）


延伸延读： 【9.16重温历史】从战后到马来西亚成立（二） 【9.16重温历史】从战后到马来西亚成立（三）


相关稿件： 种族之梯 【浅谈七夕习俗／04】唤醒传统习俗的记忆：三籍貫七夕节比一比 ",nan,nan,nan
https://www.sinchew.com.my/content/content_2343320.html,教育专题/ 知青曾宇宁 马来西亚新希望,副刊,新教育,2020-09-16,09:00:00,"『当马来西亚人讲到政治的时候，很奇怪的一件事情是我们会马上想到政治人物。我们以为政治就是政党政治，还有那些在国会互相叫骂有的没的。如果你觉得这就是政治的全部，没错，你会很容易感到沮丧和郁闷，但政治其实很多时候是我们身边的小事，例如你选择到哪里吃饭、你跟谁交朋友、你相信哪种刻板印象、你如何过日常生活……』 ——曾宇宁（22岁），剑桥大学人类、社会与政治学毕业生 每当曾宇宁告诉别人她在大学主修政治的时候，大家的反应通常有两种，一种是以为她将来要从政，另一种则是好奇政治学到底读些什么？ “从政不是唯一出路”，至少对她来说，她主修政治并非因为将来要出来竞选。 升学路从马新到英美 今年中，她刚从英国剑桥大学毕业，紧接着准备展开她在美国哈佛大学的硕博研究。但是碍于疫情关系，她目前只能在本地远距上课，因此就顺便在这里搜集一些档案资料，看看会不会对将来写论文有帮助。8月中采访她的那一天，她刚好到国父东姑阿都拉曼纪念馆翻阅档案，趁午休时接受访问。 顶着剑桥和哈佛两大名校的光环，毫无疑问她是个不折不扣的学霸，但绝不是象牙塔里的书呆子，因为她还非常活跃于学生运动。在剑桥大学时期，她担任过的职位就包括东南亚协会主席、黑人与少数族裔运动秘书、Kopitiam Kembrij创办人等等。 主动到选区当实习生 她小学就读吉隆坡州立华小，毕业后获得新加坡政府的东盟奖学金，到新加坡就读中学和大学预科A Level。2017年前往剑桥大学报到之前，她有一段超过半年的升学空窗期，那时候她回到马来西亚，主动到妇女行动协会（AWAM）和杨巧双的州选区办公室当实习生。 早在中学时期，她其实就已经对历史和政治很感兴趣，只不过那时对马来西亚政治还不是很熟悉。经过大半年的实习后，她总算见识各种民生问题，对社会和政治有了更多想法。 后来到了剑桥，她本科是人类、社会与政治学，主修政治及国际研究。虽然课业很繁重，但她还是参加很多学生活动，而这些活动大多数都是跟争取平权还有政治觉醒有关。    在剑桥的首两年，曾宇宁最活跃的组织要数一个针对本身科系的去殖民化工作小组。这要追溯2015年南非的“推倒罗兹”（Rhodes Must Fall）抗议行动，这行动当时在南非乃至西方国家的学府掀起“去殖民化”呼声，譬如呼吁大学在课程中增加非西方思想家的比例。 以她主修的政治学为例，这个学科大多时候都在谈西方政治，即使提到亚洲、拉丁美洲等其他区域，也都是当作次要，而且是从西方观点切入。譬如她有一门课关于东南亚政治，重点都是西方怎么看东南亚政治，而不是东南亚怎么看自己，因此可能有失偏颇。她参与的“去殖民化”工作小组，即倡议修改原来的课程设置，纳入其他观点以反映世界的多样化。当时他们透过工作坊、午餐研讨会等各种活动，游说系内上下支持这项倡议。 然而不难想像的是，提出这种倡议必会引起抨击，毕竟要求检讨课程设置，等于是在挑战大学数百年的学术权威。她不讳言：“对，一定会有挑战，”所以在游说时必须小心谨慎，避免被误解成他们的目的是要搞对抗。 至于成效如何，她说确实有取得一些成效，例如她的学长姐成功说服教授，在谈殖民主义时纳入思想家弗朗兹·法农的观点。不过她觉得最重要还是创造出对话空间，让各方一起讨论如何让大学变得更好。  在剑桥第二年，她还创办了Kopitiam Kembrij工作坊系列。从名字不难猜出，这活动的对象是剑桥的马来西亚学生，他们透过一系列的工作坊，讨论千里之外的马来西亚政治与社会议题。 留学剑桥的那3年，虽然在多个组织担任要职，但她不认为自己是意见领袖。作为一个主修政治的学生，她觉得只是在实践理念，用行动去推动改变。 “改变的方式有很多种，有些人主张从政策和立法着手，我也同意，但更喜欢（从事）社区建设和公众教育，因为我相信很多事情，例如政治偏见和系统性歧视，这些都是跟制度有关，需要改变民众想法。而如果你想要改变民众想法，你就需要了解他们，还有跟他们做朋友。”         今年初，曾宇宁大学未毕业，即已获哈佛大学录取攻读研究所。未来在哈佛，她会研究东南亚政治，趁还在马来西亚，便把握机会先搜集一些文献资料。 虽然从13岁起，她大部分时间都在国外，但她一直都心心念念马来西亚政治。除了曾经在AWAM和杨巧双州选区办公室实习之外，她也曾经在留学剑桥的第一年暑假，回国担任国会议员黄基全的实习生，包括到国会下议院见习。 这些年，我国政坛风雨不断，问曾宇宁怎么看马来西亚政治，她思考了一会儿说： 身边小事也是政治 “当马来西亚人讲到政治的时候，很奇怪的一件事情是我们会马上想到政治人物。我们以为政治就是政党政治，还有那些在国会互相叫骂有的没的。如果你觉得这就是政治的全部，没错，你会很容易感到沮丧和郁闷，但政治其实很多时候是我们身边的小事，例如你选择到哪里吃饭、你跟谁交朋友、你相信哪种刻板印象、你如何过日常生活。我接触的很多人，他们相信改变应该从小事做起，譬如改变人们的想法。如果对选举政治感到灰心，其实可以想想我们可以在个人层面还有人与人之间做些什么，以建立一个你想要信仰的马来西亚。” 对于政治，她不会随便脱口说“无论如何都要保持乐观”这种话，因为她觉得负面情绪在政治上也是一种推动力。尽管有些事情很难改变，但她认为小老百姓并不是完全的无能为力，至少我们可以先从个人做起，然后去影响身边的人。 政治系学生可多方面尝试 小时候，她因为父母都是牙医的关系，而自以为将来长大后也会当牙医。牙医这梦想目前看来是不可能了，至于未来会不会从政，她还蛮坚定地回答不会，“因为我相信教育的力量，我想要书写和教书。” 读政治的学生未必将来只能从政，她建议学生多尝试不同的事，譬如她除了到非政府组织和国州议员办公室见习之外，还曾经到英国一家政治顾问公司实习，以及担任剑桥讲师的研究助理。在尝试过4种不同领域之后，她清楚了解自己的兴趣和目标，所以她建议读政治的学生也要勇敢尝试各种面向。 她想说的是：“虽然对很多人来讲，读政治、读历史、读文学这些东西好像有点疯狂、有点不切实际，但事实上有很多历史学家、政治学家和社会学家都对马来西亚做出了重大贡献。” 她说出一长串她敬仰的本地学者名字，像是赛胡申阿拉达斯（Syed Hussein Alatas）、谢文庆（Cheah Boon Kheng）、邱武德（Khoo Boo Teik）……。“他们厘清我们的过去，帮助我们思考我们在这个社会到底是谁，而这正正也是我想做的事！” -------------------------

教育背景： 2020-  美国哈佛大学 2017-2020 英国剑桥大学 2015-2016 新加坡华侨学院 2011-2014 新加坡南洋女子中学 2005-2010 吉隆坡州立华小 经历： 剑桥大学东南亚协会（CUSEAS）主席 剑桥大学政治去殖民化工作小组联合创始会员 Kopitiam Kembrij创办人 剑桥大学黑人与少数族裔运动秘书 剑桥政治事务期刊编辑


更多文章： 新纪元大学学院成立汉学研究中心，永存郑良树文献心血 提供平台兼做伯乐，Internspoon实习生与雇主的牵线人  ",nan,nan,nan
https://www.sinchew.com.my/content/content_2343434.html,说书/ 萧永龙／刘以鬯的三毫子小说与再创作,副刊,读家,2020-09-15,21:50:04, 香港作家刘以鬯（1918－2018），其名作《对倒》及《酒徒》分别引发香港导演王家卫拍成电影《花样年华》及《2046》。本期【读家】，蕭永龍则要谈他少为人知的娱人小说。 上个世纪50年代香港，娱乐方式匮乏，现今每家必有的电视机，也要到80年代才开始普及，书籍也就成了大众消遣娱乐的主要来源，由是催生了一系列通俗小说的出版，这些书，通常薄薄一册，十来页，或八开或十六开，由于售价廉宜，均以港币3角出售，故今统称这系列小说为“三毫子小说”（粤语3角即3毫），直到60年代初，作为龙头老大的“环球小说丛”，在出版该系列的最后一期《一束金发》后，一跃将开本从十六开换做三十二开，并易名作“环球文库”，售价也从原先的3角改作4角，成了“四毫子小说”。 这系列小说，当年阅毕则弃，直至近年始为学者所重视，探讨其与冷战时代美元文化的关系，也作为研究香江本土新旧思想交错下的都市面貌，但更重要的是，这系列小说中，蕴含不少香港名家著作，如“四毫子小说”中就包括西西的《东城故事》、蔡浩泉的《天边一朵云》、《咖啡或茶》，亦舒的《黄衣女孩》、《情结》，蔡炎培的《日落的玫瑰》、《莱茵夜唤》等，为探讨他们早期作品风格的难得资料。与“四毫子小说”一样，“三毫子小说”也收录不少名作家的早期作品，其中被称作“香港文学泰斗”的刘以鬯即是其中之一。 就笔者所见，刘以鬯的“三毫子小说”包括《星加坡故事》、《椰树下之欲》、《蓝色星期六》及《蛊姬》，这4部中篇小说均隶属虹霓出版社的《小说报》，该报八开大小，外型与报纸相似，所标榜为“一份报纸的价钱·一本名作家的小说”，也确如其说，除刘以鬯外，尚有南宫搏、俊人、上官宝伦、易君左、欧阳天等名家。刘氏的这些小说，大部分是他自南洋回港后所撰，其中《星加坡故事》及《椰树下之欲》饱含南洋风情，并曾由香港鼎足出版社重新出版成册，有趣的是，《椰树下之欲》重印时，舍弃原先通俗的书名，改作更有文学气息的《蕉风椰雨》。    ◢营造花蒂玛的青涩形象 对比《椰树下之欲》与《蕉风椰雨》内文，可知全书内容相同，虽略有小改，但都是些遣词用字的部分，如原版的“赎药”改作“配药”，“头有些嗫嚅”修作“头有些晕眩”，但其中有段删改颇值得玩味，在《椰树下之欲》，对故事中的女主人公花蒂玛是这样形容的，“花蒂玛有一对漂亮的大眼睛，一张两角微向上翘的小嘴，一个正发育中肿得高高的胸脯。说话时，刚开口即带点羞怯微笑，一种关不住青春秘密喜悦的微笑”，到了《蕉风椰雨》，则将“一个正发育中肿得高高的胸脯”给删去，加上书中收录了原版几乎所有的插图，却不收《椰树下之欲》花蒂玛那烈焰红唇，妖艳倚靠在椰树下的封面，以及后封她垫脚亲吻亚扁的场景，故推断刘以鬯很可能在重版前，顺过原稿，希望读者视此小说为发生在椰风蕉林间的悲惨爱情故事，而不是往原书名中的情“欲”靠拢，故这段香艳的描述自要删除，以营造出花蒂玛邻家少女初长成的青涩形象。 虽然从1958年《椰树下之欲》到1961年的《蕉风椰雨》，内容上并未进行改写，但值得注意的是，隔年在《南国电影》上连载的〈热带风雨〉，却无论是背景架构、创作原型、内容、人物、故事设定等面向，均与《椰树下之欲》前半段，有着千丝万缕的相似，俨然是刘以鬯对自身《椰树下之欲》的再创作。事实上，这样的例子并非首见，早在1951年出版的《天堂与地狱》，所录数千字的短篇小说〈花魂〉就以增补改写的方式并入7年后近5万字的《蓝色星期六》中。 〈花魂〉所载为令狐屏到快活谷赌马偶遇夏莓仙的故事，她是一个“衣饰华丽的女人，约莫二十岁，穿着一件蓝色的旗袍，蓝色的扣子，头上还插了一朵蓝色的花”，离奇的是，这名女士每次托主人公买马赢得的彩金，概不领取，神秘消失，勾起读者的好奇，难道这个世界真的有“买中马票而不愿领受彩金的人”？寻觅几个星期后，令狐屏总算在马场重遇夏莓仙，并立马写了支票给她，然而她却把支票撕得粉碎，悻悻而去，无奈之下，令狐屏只能附上卡片，让她要领回彩金时联系。3天后，令狐屏收到电话，请他把彩金送到住所，结果启门的竟是一老人家，领着他去到夏莓仙的坟墓，自言自语道“这位美丽的小姐，年纪轻轻就自尽了”，原来夏莓仙在马场输了很多钱，输到丈夫都破产，最终自杀身亡。而作者也尝试为这段不可思议的灵异故事，补上合理解释，只听那老人家说，她丈夫“面貌倒长得跟先生很像”，留下令狐屏发愣，“望望墓，墓顶有一堆蓝色的花朵”。   ◢二次创作产生平行宇宙 如果说一篇小说的诞生，意味作者创造一虚构世界，那么《蓝色星期六》，无疑经由作者对故事的二次创作，产生了另一平行宇宙，虽然它几乎挪用了〈花魂〉中的所有文字，主人公却不再是令狐屏，而是身为作家编辑的新主人公——“我”，乃至在现实世界里由作家刘以鬯撰写的〈花魂〉，也成了故事中“我”4年前给一家报馆副刊发表的小说。刘以鬯在故事里巧妙融入自身经历，因此故事中的主人公“我”是作家编辑，4年前曾到星加坡某报馆工作，而这部《蓝色星期六》也是“我”在主编要求下所写，乃至化身“我”在故事里，自嘲〈花魂〉这篇小说“过分蹊跷”，在回忆这段奇遇时，往往是“用一种怀疑的态度”，整部小说虚虚实实，让读者分不清真实与虚幻的界限，因此在转换夏莓仙身分，把她从〈花魂〉中的鬼魂，转化成在《蓝色星期六》因怕丈夫怪罪其赌马败光家产，而伪造坟墓假死的女赌徒；不领取彩金，主要为了赎罪，因“我”长得像她的丈夫；让这段绮丽的鬼故事，变动成写实的社会故事时，也不觉得唐突，内容的虚实并存，正好搭配这奇特的故事。 《蓝色星期六》虽几乎挪用了〈花魂〉中的所有文字，但因其作为“娱人小说”的特性，使它与〈花魂〉所表现的性质不同，文字的使用也相对〈花魂〉来得浅白，如开头描述令狐屏的心境上，说“这一天他的运气很坏。从第一场到第九场，没有一场压中。钱都输尽了，心像上了锁，说是闷，倒也有点焦急”，在《蓝色星期六》，则直接了当地说“这一天我的运气特别坏，从第一场到第九场，全部落空”，类似的例子尚有几例，就不一一细表了。另有意思的是，文中夏莓仙墓碑刻立的时间也进行了更动，在〈花魂〉中是“一九四八年一月六日立”，到了《蓝色星期六》却成了“一九五一年一月六日立”，要知道1951年正是收录〈花魂〉的短篇小说集《天堂与地狱》出版的年份，刘以鬯在文中更改夏莓仙墓碑刻立时间，是否意味着旧有夏莓仙及〈花魂〉故事的消亡，在原有内容的二次创作下，诞生了女赌徒身分的新夏莓仙及新故事的《蓝色星期六》。 如果说《蓝色星期六》是在保有〈花魂〉旧有文字下，借尸还魂，经由再创作而诞生的新故事；那么上文提及的〈热带风雨〉则是在近乎保留《椰树下之欲》的故事框架下，以崭新文字撰写的二次创作。《椰树下之欲》描述的是华裔弃婴花蒂玛在18岁时，邂逅椰树下的男子亚扁，暗生情愫，却因收养她的马来夫妇，经不住吉埃店头家追债（不然就送去吃乌头饭），加上聘金的诱惑，将其许配给了相貌丑陋的乃猪，却想不到亚扁竟是他的表弟，婚后两人禁不住诱惑幽会，最终酿成两死一伤的悲剧。如果我们把《椰树下之欲》与〈热带风雨〉仔细对看，能发现两者相对应的部分甚多，如故事中的背景同样发生在南洋的甘榜，内里的人物——苏里玛对应着花蒂玛，“我”则是亚扁，至于娶苏里玛的鸭都汉密，与乃猪一样是财富的象征，同样带有某方面的缺陷，乃猪是丑，鸭都汉密是年老。而苏里玛与花蒂玛父亲同样是穷苦人，以掠虾为业，欠了头家一笔债款，不还钱则会被“马打”拉人，迫于无奈只能把女儿嫁出，无形中都反映了50年代间，马来甘榜低下阶层的悲哀。 ◢窥探南洋风情的窗口 除此之外，内文情节也有相似之处，如苏里玛与故事中的主人公暗生情愫后，同样因大雨倾盆躲入屋中独处而确认爱意；同样在睡梦里，梦呓着爱人的名字；甚至在婚礼上，苏里玛也与花蒂玛一样，因看到自己的爱人在场，而晕眩过去。虽然〈热带风雨〉的结局与《椰树下之欲》略显不同，但两者均是悲剧收场，苏里玛在逃出婚宴后，来到之前她与主人公独处的破石屋中，要主人公把她带离此地，却被他以不肯触犯法律为由所拒绝，最终在彻悟所托非人后，逃窜进大芭，大芭里尽是毒蛇猛兽，虽然刘以鬯并未言明苏里玛的结局，但佐以结尾林间飞出的老鹰，“嘴上还咬着染血的肉块”，可知苏里玛凶多吉少，与花蒂玛的悲惨结局一样，最终落得身死的下场。 据刘以鬯所述，“五十年代到七十年代，我每天写的专栏有十一二个”，而每个专栏大约“一千字左右。总字数达八千到一万两千字”（详见《热带风雨》〈在酒楼与刘以鬯夫妇倾偈〉），在这么庞大的文字量上，一个人的思绪自有其界限，刘以鬯唯有针对自身旧作进行二次创作，一者以保留原有文字并进行增补的方式发展成《蓝色星期六》；另一则在保有原有故事框架下，重新撰写成〈热带风雨〉。虽然这两篇是经由再创作而成的小说，但内容绝不粗制滥造，并非只套个背景而已，正如《椰树下之欲》及〈热带风雨〉，就掺杂了大量与南洋相关的词语、习俗，甚至连马来人结婚的传统仪式，也描述得十分详尽，如非用心探究，绝难写得如此到位。有趣的是，或许是对南洋认知的神秘感，使《椰树下之欲》乃至在3年后出版的专集《蕉风椰雨》都颇为畅销，甚至让盗版商看上，以梦真女士与林淑华的名义，“照搬煮碗”冒名出版《椰林恋》及《乱世风情》，成为香港人窥探南洋风情的一道窗口。而故事与它相近，但文学气味浓厚的〈热带风雨〉，却一直蒙尘，一直要到2010年，经由获益出版社将刘以鬯在南洋所撰旧作整理出版成《热带风雨》，我们才有缘一窥全文，而书名以《热带风雨》为标，除了符合内里所收录的南洋短篇外，也说明了刘以鬯对此文的重视，值得刘迷细细品读。     ,nan,nan,nan
https://www.sinchew.com.my/content/content_2343431.html,女人与书/ 谢敏洁／龙应台首部长篇小说,副刊,读家,2020-09-15,21:39:12, 龙应台首部长篇小说——单凭这卖点就足以叫我不假思索地把书抱回家。时报出版推出端庄的“远山版”和奇幻的“缤纷版”双封面供读者选择，而我挑了后者。书封上有少女、时钟、信件和各种生长在屏东的植物，这些符号在15万字的书中跳跃、缠绕，构成一部在地文化浓重、地缘历史丰富的作品。 意料之外的是：龙应台竟然对推理感兴趣。书封中少女是一宗谋杀案的受害者，精准地说她已是冤魂；经由主人公作家牵引，得以向母亲传达未了的心意，而书封文案那句所谓“缘那么浅，爱那么深”，也就是指这年轻生命在一夕之间陨落的无常。书封中那时钟是作者延续《天长地久》书中那种强调“与时间赛跑”的急迫与提醒。借由人物、故事、对白，促使人思索时间的意义与存在的本质。 小说背景架构在屏东小镇——潮州。既然主人公是一位作家，说的又是关于“回家”的故事，这多少投影出作者的经历。在香港长居的体验让龙应台用她的方式在故事中埋下对香港的情怀。 书好看吗？朋友问。老实说，这本书躺在案桌，折角印记未超过三分之二，全书没有东野圭吾那种虐心的情爱纠葛，也没有高潮迭起的悬疑剧情，字里行间的曲茎马蓝、木棉花、含羞草、佳冬树……158种植物，108种动物，以及人物都安静沉稳得如歌的行板。作者将田野调查写成图鉴、百科全书，正因为处处巧思、细节繁多、布局缜密，所以是应该花时间慢慢看懂。  ,nan,nan,nan
https://www.sinchew.com.my/content/content_2343463.html,百格新闻/ 透过纸媒网络 星洲四季中华传扬传统文化,百格,百格新闻,nan,nan,nan,nan,nan,nan
https://www.sinchew.com.my/content/content_2343414.html,百格新闻/ 警告商家遵守SOP 防长：违反者撤销营运执照,百格,百格新闻,nan,nan,nan,nan,nan,nan
https://www.sinchew.com.my/content/content_2343411.html,百格大事纪/ MACC主席指没传召劳勿农民 山高皇帝远不知情？,百格,百格大事纪,nan,nan,nan,nan,nan,nan
https://www.sinchew.com.my/content/content_2343461.html,财经Espresso/ 郭鹤年左右手之子 疑低分入投行,百格,财经Espresso,nan,nan,nan,nan,nan,nan
